metadata.title,0,13,
metadata.author,14,28,
chapter.title,30,72,1
chapter.title,14351,14400,2
chapter.title,33844,33884,3
chapter.title,51446,51469,4
chapter.title,66091,66143,5
chapter.title,84120,84154,6
chapter.title,100021,100059,7
chapter.title,124129,124171,8
chapter.title,138346,138401,9
chapter.title,158445,158484,10
chapter.title,174172,174215,11
chapter.title,190803,190846,12
chapter.title,247214,247247,13
chapter.title,262962,262995,14
chapter.title,280780,280826,15
chapter.title,299492,299534,16
chapter.title,314636,314671,17
chapter.title,326184,326207,18
chapter.title,342296,342336,19
chapter.title,369539,369573,20
chapter.title,383907,383950,21
chapter.title,403908,403938,22
chapter.title,427847,427883,23
chapter.title,448688,448715,24
chapter.sentence,74,132,1
chapter.sentence,133,252,2
chapter.sentence,253,396,3
chapter.sentence,397,472,4
chapter.sentence,473,516,5
chapter.sentence,517,703,6
chapter.sentence,704,781,7
chapter.sentence,782,985,8
chapter.sentence,986,1031,9
chapter.sentence,1032,1316,10
chapter.sentence,1317,1379,11
chapter.sentence,1380,1520,12
chapter.sentence,1521,1585,13
chapter.sentence,1586,1599,14
chapter.sentence,1600,1714,15
chapter.sentence,1715,1839,16
chapter.sentence,1840,1865,17
chapter.sentence,1866,1942,18
chapter.sentence,1943,1963,19
chapter.sentence,1964,2080,20
chapter.sentence,2081,2131,21
chapter.sentence,2132,2198,22
chapter.sentence,2199,2318,23
chapter.sentence,2319,2428,24
chapter.sentence,2429,2468,25
chapter.sentence,2469,2494,26
chapter.sentence,2495,2555,27
chapter.sentence,2556,2721,28
chapter.sentence,2722,2987,29
chapter.sentence,2988,3040,30
chapter.sentence,3041,3154,31
chapter.sentence,3155,3257,32
chapter.sentence,3258,3392,33
chapter.sentence,3393,3496,34
chapter.sentence,3497,3740,35
chapter.sentence,3741,3863,36
chapter.sentence,3864,4059,37
chapter.sentence,4060,4142,38
chapter.sentence,4143,4240,39
chapter.sentence,4241,4527,40
chapter.sentence,4528,4631,41
chapter.sentence,4632,4801,42
chapter.sentence,4802,5035,43
chapter.sentence,5036,5166,44
chapter.sentence,5167,5416,45
chapter.sentence,5417,5467,46
chapter.sentence,5468,5696,47
chapter.sentence,5697,5842,48
chapter.sentence,5843,5859,49
chapter.sentence,5860,5881,50
chapter.sentence,5882,5894,51
chapter.sentence,5895,5908,52
chapter.sentence,5909,5926,53
chapter.sentence,5927,5956,54
chapter.sentence,5957,5976,55
chapter.sentence,5977,5983,56
chapter.sentence,5984,6036,57
chapter.sentence,6037,6062,58
chapter.sentence,6063,6110,59
chapter.sentence,6111,6213,60
chapter.sentence,6214,6248,61
chapter.sentence,6249,6363,62
chapter.sentence,6364,6495,63
chapter.sentence,6496,6579,64
chapter.sentence,6580,6614,65
chapter.sentence,6615,6640,66
chapter.sentence,6641,6699,67
chapter.sentence,6700,6888,68
chapter.sentence,6889,6895,69
chapter.sentence,6896,6946,70
chapter.sentence,6947,6981,71
chapter.sentence,6982,7092,72
chapter.sentence,7093,7154,73
chapter.sentence,7155,7224,74
chapter.sentence,7225,7313,75
chapter.sentence,7314,7353,76
chapter.sentence,7354,7435,77
chapter.sentence,7436,7509,78
chapter.sentence,7510,7534,79
chapter.sentence,7535,7690,80
chapter.sentence,7691,7741,81
chapter.sentence,7742,7782,82
chapter.sentence,7783,7888,83
chapter.sentence,7889,7997,84
chapter.sentence,7998,8103,85
chapter.sentence,8104,8158,86
chapter.sentence,8159,8231,87
chapter.sentence,8232,8302,88
chapter.sentence,8303,8447,89
chapter.sentence,8448,8517,90
chapter.sentence,8518,8621,91
chapter.sentence,8622,8665,92
chapter.sentence,8666,8773,93
chapter.sentence,8774,8807,94
chapter.sentence,8808,8855,95
chapter.sentence,8856,8884,96
chapter.sentence,8885,9091,97
chapter.sentence,9092,9240,98
chapter.sentence,9241,9515,99
chapter.sentence,9516,9551,100
chapter.sentence,9552,9667,101
chapter.sentence,9668,9686,102
chapter.sentence,9687,9814,103
chapter.sentence,9815,9832,104
chapter.sentence,9833,9909,105
chapter.sentence,9910,9999,106
chapter.sentence,10000,10006,107
chapter.sentence,10007,10113,108
chapter.sentence,10114,10162,109
chapter.sentence,10163,10214,110
chapter.sentence,10215,10324,111
chapter.sentence,10325,10507,112
chapter.sentence,10508,10704,113
chapter.sentence,10705,11142,114
chapter.sentence,11143,11289,115
chapter.sentence,11290,11459,116
chapter.sentence,11460,11645,117
chapter.sentence,11646,11725,118
chapter.sentence,11726,11802,119
chapter.sentence,11803,11946,120
chapter.sentence,11947,12142,121
chapter.sentence,12143,12171,122
chapter.sentence,12172,12264,123
chapter.sentence,12265,12380,124
chapter.sentence,12381,12511,125
chapter.sentence,12512,12678,126
chapter.sentence,12679,12736,127
chapter.sentence,12737,12939,128
chapter.sentence,12940,13118,129
chapter.sentence,13119,13174,130
chapter.sentence,13175,13272,131
chapter.sentence,13273,13455,132
chapter.sentence,13456,13556,133
chapter.sentence,13557,13630,134
chapter.sentence,13631,13709,135
chapter.sentence,13710,13895,136
chapter.sentence,13896,13998,137
chapter.sentence,13999,14038,138
chapter.sentence,14039,14203,139
chapter.sentence,14204,14349,140
chapter.sentence,14402,14545,1
chapter.sentence,14546,14783,2
chapter.sentence,14784,14943,3
chapter.sentence,14944,15033,4
chapter.sentence,15034,15402,5
chapter.sentence,15403,15528,6
chapter.sentence,15529,15612,7
chapter.sentence,15613,15666,8
chapter.sentence,15667,15770,9
chapter.sentence,15771,15873,10
chapter.sentence,15874,15924,11
chapter.sentence,15925,16084,12
chapter.sentence,16085,16146,13
chapter.sentence,16147,16201,14
chapter.sentence,16202,16354,15
chapter.sentence,16355,16393,16
chapter.sentence,16394,16462,17
chapter.sentence,16463,16507,18
chapter.sentence,16508,16676,19
chapter.sentence,16677,16775,20
chapter.sentence,16776,16812,21
chapter.sentence,16813,17007,22
chapter.sentence,17008,17239,23
chapter.sentence,17240,17421,24
chapter.sentence,17422,17539,25
chapter.sentence,17540,17687,26
chapter.sentence,17688,17845,27
chapter.sentence,17846,17931,28
chapter.sentence,17932,17982,29
chapter.sentence,17983,18023,30
chapter.sentence,18024,18281,31
chapter.sentence,18282,18325,32
chapter.sentence,18326,18384,33
chapter.sentence,18385,18608,34
chapter.sentence,18609,18700,35
chapter.sentence,18701,18839,36
chapter.sentence,18840,18986,37
chapter.sentence,18987,19179,38
chapter.sentence,19180,19396,39
chapter.sentence,19397,19439,40
chapter.sentence,19440,19465,41
chapter.sentence,19466,19492,42
chapter.sentence,19493,19552,43
chapter.sentence,19553,19594,44
chapter.sentence,19595,19662,45
chapter.sentence,19663,19692,46
chapter.sentence,19693,19731,47
chapter.sentence,19732,19819,48
chapter.sentence,19820,20051,49
chapter.sentence,20052,20083,50
chapter.sentence,20084,20141,51
chapter.sentence,20142,20187,52
chapter.sentence,20188,20269,53
chapter.sentence,20270,20327,54
chapter.sentence,20328,20341,55
chapter.sentence,20342,20390,56
chapter.sentence,20391,20414,57
chapter.sentence,20415,20424,58
chapter.sentence,20425,20449,59
chapter.sentence,20450,20468,60
chapter.sentence,20469,20486,61
chapter.sentence,20487,20522,62
chapter.sentence,20523,20531,63
chapter.sentence,20532,20547,64
chapter.sentence,20548,20599,65
chapter.sentence,20600,20626,66
chapter.sentence,20627,20661,67
chapter.sentence,20662,20746,68
chapter.sentence,20747,20849,69
chapter.sentence,20850,20998,70
chapter.sentence,20999,21124,71
chapter.sentence,21125,21189,72
chapter.sentence,21190,21210,73
chapter.sentence,21211,21282,74
chapter.sentence,21283,21338,75
chapter.sentence,21339,21488,76
chapter.sentence,21489,21577,77
chapter.sentence,21578,21682,78
chapter.sentence,21683,21728,79
chapter.sentence,21729,22111,80
chapter.sentence,22112,22280,81
chapter.sentence,22281,22452,82
chapter.sentence,22453,22481,83
chapter.sentence,22482,22503,84
chapter.sentence,22504,22521,85
chapter.sentence,22522,22580,86
chapter.sentence,22581,22638,87
chapter.sentence,22639,22737,88
chapter.sentence,22738,22842,89
chapter.sentence,22843,22956,90
chapter.sentence,22957,22979,91
chapter.sentence,22980,23044,92
chapter.sentence,23045,23101,93
chapter.sentence,23102,23182,94
chapter.sentence,23183,23328,95
chapter.sentence,23329,23408,96
chapter.sentence,23409,23443,97
chapter.sentence,23444,23465,98
chapter.sentence,23466,23497,99
chapter.sentence,23498,23522,100
chapter.sentence,23523,23569,101
chapter.sentence,23570,23628,102
chapter.sentence,23629,23680,103
chapter.sentence,23681,23785,104
chapter.sentence,23786,23812,105
chapter.sentence,23813,23860,106
chapter.sentence,23861,23990,107
chapter.sentence,23991,24055,108
chapter.sentence,24056,24207,109
chapter.sentence,24208,24273,110
chapter.sentence,24274,24353,111
chapter.sentence,24354,24484,112
chapter.sentence,24485,24488,113
chapter.sentence,24489,24539,114
chapter.sentence,24540,24594,115
chapter.sentence,24595,24712,116
chapter.sentence,24713,24735,117
chapter.sentence,24736,24776,118
chapter.sentence,24777,24804,119
chapter.sentence,24805,24830,120
chapter.sentence,24831,24934,121
chapter.sentence,24935,25010,122
chapter.sentence,25011,25093,123
chapter.sentence,25094,25133,124
chapter.sentence,25134,25411,125
chapter.sentence,25412,25460,126
chapter.sentence,25461,25582,127
chapter.sentence,25583,25638,128
chapter.sentence,25639,25738,129
chapter.sentence,25739,25783,130
chapter.sentence,25784,25918,131
chapter.sentence,25919,26169,132
chapter.sentence,26170,26260,133
chapter.sentence,26261,26397,134
chapter.sentence,26398,26624,135
chapter.sentence,26625,26692,136
chapter.sentence,26693,26721,137
chapter.sentence,26722,26776,138
chapter.sentence,26777,26837,139
chapter.sentence,26838,26895,140
chapter.sentence,26896,26919,141
chapter.sentence,26920,26970,142
chapter.sentence,26971,27077,143
chapter.sentence,27078,27180,144
chapter.sentence,27181,27307,145
chapter.sentence,27308,27380,146
chapter.sentence,27381,27402,147
chapter.sentence,27403,27471,148
chapter.sentence,27472,27588,149
chapter.sentence,27589,27610,150
chapter.sentence,27611,27643,151
chapter.sentence,27644,27663,152
chapter.sentence,27664,27704,153
chapter.sentence,27705,27968,154
chapter.sentence,27969,28074,155
chapter.sentence,28075,28109,156
chapter.sentence,28110,28123,157
chapter.sentence,28124,28148,158
chapter.sentence,28149,28194,159
chapter.sentence,28195,28238,160
chapter.sentence,28239,28261,161
chapter.sentence,28262,28350,162
chapter.sentence,28351,28427,163
chapter.sentence,28428,28522,164
chapter.sentence,28523,28614,165
chapter.sentence,28615,28680,166
chapter.sentence,28681,28739,167
chapter.sentence,28740,28759,168
chapter.sentence,28760,28904,169
chapter.sentence,28905,29017,170
chapter.sentence,29018,29045,171
chapter.sentence,29046,29099,172
chapter.sentence,29100,29295,173
chapter.sentence,29296,29418,174
chapter.sentence,29419,29477,175
chapter.sentence,29478,29516,176
chapter.sentence,29517,29567,177
chapter.sentence,29568,29856,178
chapter.sentence,29857,30016,179
chapter.sentence,30017,30062,180
chapter.sentence,30063,30127,181
chapter.sentence,30128,30184,182
chapter.sentence,30185,30232,183
chapter.sentence,30233,30302,184
chapter.sentence,30303,30334,185
chapter.sentence,30335,30410,186
chapter.sentence,30411,30498,187
chapter.sentence,30499,30532,188
chapter.sentence,30533,30550,189
chapter.sentence,30551,30617,190
chapter.sentence,30618,30658,191
chapter.sentence,30659,30726,192
chapter.sentence,30727,30753,193
chapter.sentence,30754,30775,194
chapter.sentence,30776,30815,195
chapter.sentence,30816,30861,196
chapter.sentence,30862,30983,197
chapter.sentence,30984,31020,198
chapter.sentence,31021,31126,199
chapter.sentence,31127,31205,200
chapter.sentence,31206,31223,201
chapter.sentence,31224,31383,202
chapter.sentence,31384,31498,203
chapter.sentence,31499,31584,204
chapter.sentence,31585,31656,205
chapter.sentence,31657,31968,206
chapter.sentence,31969,32315,207
chapter.sentence,32316,32325,208
chapter.sentence,32326,32395,209
chapter.sentence,32396,32527,210
chapter.sentence,32528,32949,211
chapter.sentence,32950,33238,212
chapter.sentence,33239,33286,213
chapter.sentence,33287,33361,214
chapter.sentence,33362,33554,215
chapter.sentence,33555,33572,216
chapter.sentence,33573,33699,217
chapter.sentence,33700,33751,218
chapter.sentence,33752,33842,219
chapter.sentence,33886,33973,1
chapter.sentence,33974,34066,2
chapter.sentence,34067,34228,3
chapter.sentence,34229,34464,4
chapter.sentence,34465,34570,5
chapter.sentence,34571,34686,6
chapter.sentence,34687,34758,7
chapter.sentence,34759,34816,8
chapter.sentence,34817,34843,9
chapter.sentence,34844,34930,10
chapter.sentence,34931,35056,11
chapter.sentence,35057,35374,12
chapter.sentence,35375,35540,13
chapter.sentence,35541,35630,14
chapter.sentence,35631,35759,15
chapter.sentence,35760,35857,16
chapter.sentence,35858,35925,17
chapter.sentence,35926,35996,18
chapter.sentence,35997,36033,19
chapter.sentence,36034,36248,20
chapter.sentence,36249,36324,21
chapter.sentence,36325,36362,22
chapter.sentence,36363,36402,23
chapter.sentence,36403,36408,24
chapter.sentence,36409,36463,25
chapter.sentence,36464,36650,26
chapter.sentence,36651,36668,27
chapter.sentence,36669,36713,28
chapter.sentence,36714,36982,29
chapter.sentence,36983,37186,30
chapter.sentence,37187,37240,31
chapter.sentence,37241,37266,32
chapter.sentence,37267,37279,33
chapter.sentence,37280,37305,34
chapter.sentence,37306,37368,35
chapter.sentence,37369,37467,36
chapter.sentence,37468,37512,37
chapter.sentence,37513,37600,38
chapter.sentence,37601,37796,39
chapter.sentence,37797,37835,40
chapter.sentence,37836,37844,41
chapter.sentence,37845,37922,42
chapter.sentence,37923,37972,43
chapter.sentence,37973,38001,44
chapter.sentence,38002,38011,45
chapter.sentence,38012,38042,46
chapter.sentence,38043,38074,47
chapter.sentence,38075,38134,48
chapter.sentence,38135,38204,49
chapter.sentence,38205,38239,50
chapter.sentence,38240,38347,51
chapter.sentence,38348,38367,52
chapter.sentence,38368,38480,53
chapter.sentence,38481,38619,54
chapter.sentence,38620,38706,55
chapter.sentence,38707,38751,56
chapter.sentence,38752,38776,57
chapter.sentence,38777,38825,58
chapter.sentence,38826,38935,59
chapter.sentence,38936,38994,60
chapter.sentence,38995,39094,61
chapter.sentence,39095,39209,62
chapter.sentence,39210,39222,63
chapter.sentence,39223,39460,64
chapter.sentence,39461,39585,65
chapter.sentence,39586,39790,66
chapter.sentence,39791,39812,67
chapter.sentence,39813,39819,68
chapter.sentence,39820,39855,69
chapter.sentence,39856,39896,70
chapter.sentence,39897,39960,71
chapter.sentence,39961,39988,72
chapter.sentence,39989,40102,73
chapter.sentence,40103,40162,74
chapter.sentence,40163,40286,75
chapter.sentence,40287,40314,76
chapter.sentence,40315,40382,77
chapter.sentence,40383,40478,78
chapter.sentence,40479,40515,79
chapter.sentence,40516,40547,80
chapter.sentence,40548,40646,81
chapter.sentence,40647,40717,82
chapter.sentence,40718,40759,83
chapter.sentence,40760,40803,84
chapter.sentence,40804,40911,85
chapter.sentence,40912,40976,86
chapter.sentence,40977,40997,87
chapter.sentence,40998,41331,88
chapter.sentence,41332,41410,89
chapter.sentence,41411,41492,90
chapter.sentence,41493,41571,91
chapter.sentence,41572,41684,92
chapter.sentence,41685,41732,93
chapter.sentence,41733,41804,94
chapter.sentence,41805,41926,95
chapter.sentence,41927,42017,96
chapter.sentence,42018,42234,97
chapter.sentence,42235,42317,98
chapter.sentence,42318,42468,99
chapter.sentence,42469,42620,100
chapter.sentence,42621,42776,101
chapter.sentence,42777,42898,102
chapter.sentence,42899,42933,103
chapter.sentence,42934,43006,104
chapter.sentence,43007,43081,105
chapter.sentence,43082,43131,106
chapter.sentence,43132,43229,107
chapter.sentence,43230,43355,108
chapter.sentence,43356,43415,109
chapter.sentence,43416,43501,110
chapter.sentence,43502,43622,111
chapter.sentence,43623,43659,112
chapter.sentence,43660,43680,113
chapter.sentence,43681,43764,114
chapter.sentence,43765,43888,115
chapter.sentence,43889,43902,116
chapter.sentence,43903,44095,117
chapter.sentence,44096,44129,118
chapter.sentence,44130,44180,119
chapter.sentence,44181,44233,120
chapter.sentence,44234,44263,121
chapter.sentence,44264,44293,122
chapter.sentence,44294,44329,123
chapter.sentence,44330,44374,124
chapter.sentence,44375,44454,125
chapter.sentence,44455,44645,126
chapter.sentence,44646,44699,127
chapter.sentence,44700,44793,128
chapter.sentence,44794,44835,129
chapter.sentence,44836,44923,130
chapter.sentence,44924,45013,131
chapter.sentence,45014,45085,132
chapter.sentence,45086,45113,133
chapter.sentence,45114,45258,134
chapter.sentence,45259,45595,135
chapter.sentence,45596,45628,136
chapter.sentence,45629,45779,137
chapter.sentence,45780,45866,138
chapter.sentence,45867,46037,139
chapter.sentence,46038,46070,140
chapter.sentence,46071,46114,141
chapter.sentence,46115,46137,142
chapter.sentence,46138,46233,143
chapter.sentence,46234,46295,144
chapter.sentence,46296,46322,145
chapter.sentence,46323,46430,146
chapter.sentence,46431,46486,147
chapter.sentence,46487,46667,148
chapter.sentence,46668,46723,149
chapter.sentence,46724,46733,150
chapter.sentence,46734,46792,151
chapter.sentence,46793,46896,152
chapter.sentence,46897,46960,153
chapter.sentence,46961,46996,154
chapter.sentence,46997,47063,155
chapter.sentence,47064,47088,156
chapter.sentence,47089,47134,157
chapter.sentence,47135,47187,158
chapter.sentence,47188,47272,159
chapter.sentence,47273,47498,160
chapter.sentence,47499,47584,161
chapter.sentence,47585,47633,162
chapter.sentence,47634,47734,163
chapter.sentence,47735,47768,164
chapter.sentence,47769,47827,165
chapter.sentence,47828,47919,166
chapter.sentence,47920,47996,167
chapter.sentence,47997,48064,168
chapter.sentence,48065,48124,169
chapter.sentence,48125,48155,170
chapter.sentence,48156,48224,171
chapter.sentence,48225,48289,172
chapter.sentence,48290,48326,173
chapter.sentence,48327,48437,174
chapter.sentence,48438,48481,175
chapter.sentence,48482,48534,176
chapter.sentence,48535,48543,177
chapter.sentence,48544,48608,178
chapter.sentence,48609,48765,179
chapter.sentence,48766,48876,180
chapter.sentence,48877,48910,181
chapter.sentence,48911,48980,182
chapter.sentence,48981,49115,183
chapter.sentence,49116,49320,184
chapter.sentence,49321,49506,185
chapter.sentence,49507,49679,186
chapter.sentence,49680,49720,187
chapter.sentence,49721,49779,188
chapter.sentence,49780,49839,189
chapter.sentence,49840,49965,190
chapter.sentence,49966,50036,191
chapter.sentence,50037,50069,192
chapter.sentence,50070,50120,193
chapter.sentence,50121,50201,194
chapter.sentence,50202,50347,195
chapter.sentence,50348,50498,196
chapter.sentence,50499,50577,197
chapter.sentence,50578,50653,198
chapter.sentence,50654,50677,199
chapter.sentence,50678,50763,200
chapter.sentence,50764,50837,201
chapter.sentence,50838,50933,202
chapter.sentence,50934,50999,203
chapter.sentence,51000,51032,204
chapter.sentence,51033,51088,205
chapter.sentence,51089,51236,206
chapter.sentence,51237,51258,207
chapter.sentence,51259,51280,208
chapter.sentence,51281,51305,209
chapter.sentence,51306,51444,210
chapter.sentence,51471,51546,1
chapter.sentence,51547,51740,2
chapter.sentence,51741,51820,3
chapter.sentence,51821,51887,4
chapter.sentence,51888,51941,5
chapter.sentence,51942,52153,6
chapter.sentence,52154,52216,7
chapter.sentence,52217,52331,8
chapter.sentence,52332,52474,9
chapter.sentence,52475,52596,10
chapter.sentence,52597,52667,11
chapter.sentence,52668,52740,12
chapter.sentence,52741,52824,13
chapter.sentence,52825,52841,14
chapter.sentence,52842,52897,15
chapter.sentence,52898,52981,16
chapter.sentence,52982,53128,17
chapter.sentence,53129,53207,18
chapter.sentence,53208,53245,19
chapter.sentence,53246,53277,20
chapter.sentence,53278,53378,21
chapter.sentence,53379,53390,22
chapter.sentence,53391,53429,23
chapter.sentence,53430,53462,24
chapter.sentence,53463,53495,25
chapter.sentence,53496,53554,26
chapter.sentence,53555,53613,27
chapter.sentence,53614,53715,28
chapter.sentence,53716,53728,29
chapter.sentence,53729,53767,30
chapter.sentence,53768,53779,31
chapter.sentence,53780,53880,32
chapter.sentence,53881,53903,33
chapter.sentence,53904,53994,34
chapter.sentence,53995,54041,35
chapter.sentence,54042,54146,36
chapter.sentence,54147,54286,37
chapter.sentence,54287,54402,38
chapter.sentence,54403,54525,39
chapter.sentence,54526,54546,40
chapter.sentence,54547,54585,41
chapter.sentence,54586,54609,42
chapter.sentence,54610,54708,43
chapter.sentence,54709,54855,44
chapter.sentence,54856,55000,45
chapter.sentence,55001,55040,46
chapter.sentence,55041,55078,47
chapter.sentence,55079,55102,48
chapter.sentence,55103,55200,49
chapter.sentence,55201,55266,50
chapter.sentence,55267,55299,51
chapter.sentence,55300,55309,52
chapter.sentence,55310,55426,53
chapter.sentence,55427,55567,54
chapter.sentence,55568,55716,55
chapter.sentence,55717,55759,56
chapter.sentence,55760,55867,57
chapter.sentence,55868,55954,58
chapter.sentence,55955,55989,59
chapter.sentence,55990,56035,60
chapter.sentence,56036,56092,61
chapter.sentence,56093,56126,62
chapter.sentence,56127,56173,63
chapter.sentence,56174,56194,64
chapter.sentence,56195,56279,65
chapter.sentence,56280,56321,66
chapter.sentence,56322,56353,67
chapter.sentence,56354,56426,68
chapter.sentence,56427,56625,69
chapter.sentence,56626,56651,70
chapter.sentence,56652,56715,71
chapter.sentence,56716,56739,72
chapter.sentence,56740,56850,73
chapter.sentence,56851,56868,74
chapter.sentence,56869,56926,75
chapter.sentence,56927,56960,76
chapter.sentence,56961,57054,77
chapter.sentence,57055,57074,78
chapter.sentence,57075,57145,79
chapter.sentence,57146,57195,80
chapter.sentence,57196,57244,81
chapter.sentence,57245,57309,82
chapter.sentence,57310,57331,83
chapter.sentence,57332,57344,84
chapter.sentence,57345,57385,85
chapter.sentence,57386,57416,86
chapter.sentence,57417,57444,87
chapter.sentence,57445,57478,88
chapter.sentence,57479,57622,89
chapter.sentence,57623,57682,90
chapter.sentence,57683,57750,91
chapter.sentence,57751,57786,92
chapter.sentence,57787,57878,93
chapter.sentence,57879,58071,94
chapter.sentence,58072,58222,95
chapter.sentence,58223,58352,96
chapter.sentence,58353,58377,97
chapter.sentence,58378,58414,98
chapter.sentence,58415,58456,99
chapter.sentence,58457,58541,100
chapter.sentence,58542,58651,101
chapter.sentence,58652,58784,102
chapter.sentence,58785,58802,103
chapter.sentence,58803,58828,104
chapter.sentence,58829,58840,105
chapter.sentence,58841,58943,106
chapter.sentence,58944,58980,107
chapter.sentence,58981,59009,108
chapter.sentence,59010,59120,109
chapter.sentence,59121,59215,110
chapter.sentence,59216,59269,111
chapter.sentence,59270,59297,112
chapter.sentence,59298,59395,113
chapter.sentence,59396,59440,114
chapter.sentence,59441,59559,115
chapter.sentence,59560,59631,116
chapter.sentence,59632,59804,117
chapter.sentence,59805,59833,118
chapter.sentence,59834,59949,119
chapter.sentence,59950,60050,120
chapter.sentence,60051,60126,121
chapter.sentence,60127,60166,122
chapter.sentence,60167,60208,123
chapter.sentence,60209,60278,124
chapter.sentence,60279,60327,125
chapter.sentence,60328,60360,126
chapter.sentence,60361,60403,127
chapter.sentence,60404,60428,128
chapter.sentence,60429,60446,129
chapter.sentence,60447,60487,130
chapter.sentence,60488,60512,131
chapter.sentence,60513,60609,132
chapter.sentence,60610,60688,133
chapter.sentence,60689,60722,134
chapter.sentence,60723,60817,135
chapter.sentence,60818,60821,136
chapter.sentence,60822,60826,137
chapter.sentence,60827,60849,138
chapter.sentence,60850,60893,139
chapter.sentence,60894,60913,140
chapter.sentence,60914,60954,141
chapter.sentence,60955,61046,142
chapter.sentence,61047,61182,143
chapter.sentence,61183,61242,144
chapter.sentence,61243,61289,145
chapter.sentence,61290,61323,146
chapter.sentence,61324,61389,147
chapter.sentence,61390,61409,148
chapter.sentence,61410,61446,149
chapter.sentence,61447,61569,150
chapter.sentence,61570,61597,151
chapter.sentence,61598,61671,152
chapter.sentence,61672,61745,153
chapter.sentence,61746,61777,154
chapter.sentence,61778,61818,155
chapter.sentence,61819,61822,156
chapter.sentence,61823,61885,157
chapter.sentence,61886,61906,158
chapter.sentence,61907,61930,159
chapter.sentence,61931,61951,160
chapter.sentence,61952,61988,161
chapter.sentence,61989,62012,162
chapter.sentence,62013,62111,163
chapter.sentence,62112,62317,164
chapter.sentence,62318,62369,165
chapter.sentence,62370,62417,166
chapter.sentence,62418,62496,167
chapter.sentence,62497,62513,168
chapter.sentence,62514,62564,169
chapter.sentence,62565,62655,170
chapter.sentence,62656,62765,171
chapter.sentence,62766,62830,172
chapter.sentence,62831,62922,173
chapter.sentence,62923,62968,174
chapter.sentence,62969,63070,175
chapter.sentence,63071,63107,176
chapter.sentence,63108,63197,177
chapter.sentence,63198,63246,178
chapter.sentence,63247,63404,179
chapter.sentence,63405,63477,180
chapter.sentence,63478,63493,181
chapter.sentence,63494,63508,182
chapter.sentence,63509,63533,183
chapter.sentence,63534,63593,184
chapter.sentence,63594,63664,185
chapter.sentence,63665,63699,186
chapter.sentence,63700,63736,187
chapter.sentence,63737,63888,188
chapter.sentence,63889,63937,189
chapter.sentence,63938,63979,190
chapter.sentence,63980,64111,191
chapter.sentence,64112,64223,192
chapter.sentence,64224,64271,193
chapter.sentence,64272,64368,194
chapter.sentence,64369,64436,195
chapter.sentence,64437,64455,196
chapter.sentence,64456,64510,197
chapter.sentence,64511,64559,198
chapter.sentence,64560,64656,199
chapter.sentence,64657,64699,200
chapter.sentence,64700,64708,201
chapter.sentence,64709,64758,202
chapter.sentence,64759,64783,203
chapter.sentence,64784,64841,204
chapter.sentence,64842,64851,205
chapter.sentence,64852,64886,206
chapter.sentence,64887,64931,207
chapter.sentence,64932,64951,208
chapter.sentence,64952,65007,209
chapter.sentence,65008,65035,210
chapter.sentence,65036,65103,211
chapter.sentence,65104,65237,212
chapter.sentence,65238,65265,213
chapter.sentence,65266,65286,214
chapter.sentence,65287,65359,215
chapter.sentence,65360,65374,216
chapter.sentence,65375,65418,217
chapter.sentence,65419,65568,218
chapter.sentence,65569,65611,219
chapter.sentence,65612,65651,220
chapter.sentence,65652,65714,221
chapter.sentence,65715,65777,222
chapter.sentence,65778,65805,223
chapter.sentence,65806,65815,224
chapter.sentence,65816,65827,225
chapter.sentence,65828,65948,226
chapter.sentence,65949,66089,227
chapter.sentence,66145,66189,1
chapter.sentence,66190,66274,2
chapter.sentence,66275,66438,3
chapter.sentence,66439,66536,4
chapter.sentence,66537,66562,5
chapter.sentence,66563,66604,6
chapter.sentence,66605,66756,7
chapter.sentence,66757,67075,8
chapter.sentence,67076,67167,9
chapter.sentence,67168,67303,10
chapter.sentence,67304,67338,11
chapter.sentence,67339,67580,12
chapter.sentence,67581,67682,13
chapter.sentence,67683,67714,14
chapter.sentence,67715,67787,15
chapter.sentence,67788,67855,16
chapter.sentence,67856,67929,17
chapter.sentence,67930,67980,18
chapter.sentence,67981,68089,19
chapter.sentence,68090,68114,20
chapter.sentence,68115,68215,21
chapter.sentence,68216,68325,22
chapter.sentence,68326,68563,23
chapter.sentence,68564,68739,24
chapter.sentence,68740,68756,25
chapter.sentence,68757,68831,26
chapter.sentence,68832,68857,27
chapter.sentence,68858,68925,28
chapter.sentence,68926,68988,29
chapter.sentence,68989,69005,30
chapter.sentence,69006,69071,31
chapter.sentence,69072,69115,32
chapter.sentence,69116,69172,33
chapter.sentence,69173,69209,34
chapter.sentence,69210,69255,35
chapter.sentence,69256,69352,36
chapter.sentence,69353,69386,37
chapter.sentence,69387,69427,38
chapter.sentence,69428,69483,39
chapter.sentence,69484,69505,40
chapter.sentence,69506,69642,41
chapter.sentence,69643,69657,42
chapter.sentence,69658,69760,43
chapter.sentence,69761,69803,44
chapter.sentence,69804,69894,45
chapter.sentence,69895,69909,46
chapter.sentence,69910,69923,47
chapter.sentence,69924,69968,48
chapter.sentence,69969,69987,49
chapter.sentence,69988,70039,50
chapter.sentence,70040,70155,51
chapter.sentence,70156,70191,52
chapter.sentence,70192,70283,53
chapter.sentence,70284,70406,54
chapter.sentence,70407,70437,55
chapter.sentence,70438,70484,56
chapter.sentence,70485,70577,57
chapter.sentence,70578,70626,58
chapter.sentence,70627,70803,59
chapter.sentence,70804,70886,60
chapter.sentence,70887,71039,61
chapter.sentence,71040,71098,62
chapter.sentence,71099,71196,63
chapter.sentence,71197,71259,64
chapter.sentence,71260,71308,65
chapter.sentence,71309,71323,66
chapter.sentence,71324,71349,67
chapter.sentence,71350,71396,68
chapter.sentence,71397,71540,69
chapter.sentence,71541,71569,70
chapter.sentence,71570,71578,71
chapter.sentence,71579,71583,72
chapter.sentence,71584,71668,73
chapter.sentence,71669,71727,74
chapter.sentence,71728,71753,75
chapter.sentence,71754,71888,76
chapter.sentence,71889,71945,77
chapter.sentence,71946,72119,78
chapter.sentence,72120,72321,79
chapter.sentence,72322,72475,80
chapter.sentence,72476,72837,81
chapter.sentence,72838,72998,82
chapter.sentence,72999,73433,83
chapter.sentence,73434,73469,84
chapter.sentence,73470,73543,85
chapter.sentence,73544,73721,86
chapter.sentence,73722,73785,87
chapter.sentence,73786,73816,88
chapter.sentence,73817,74029,89
chapter.sentence,74030,74093,90
chapter.sentence,74094,74120,91
chapter.sentence,74121,74224,92
chapter.sentence,74225,74275,93
chapter.sentence,74276,74402,94
chapter.sentence,74403,74431,95
chapter.sentence,74432,74508,96
chapter.sentence,74509,74571,97
chapter.sentence,74572,74636,98
chapter.sentence,74637,74697,99
chapter.sentence,74698,74967,100
chapter.sentence,74968,75071,101
chapter.sentence,75072,75152,102
chapter.sentence,75153,75184,103
chapter.sentence,75185,75223,104
chapter.sentence,75224,75337,105
chapter.sentence,75338,75501,106
chapter.sentence,75502,75517,107
chapter.sentence,75518,75666,108
chapter.sentence,75667,75688,109
chapter.sentence,75689,75711,110
chapter.sentence,75712,75767,111
chapter.sentence,75768,75803,112
chapter.sentence,75804,75915,113
chapter.sentence,75916,75988,114
chapter.sentence,75989,76032,115
chapter.sentence,76033,76230,116
chapter.sentence,76231,76349,117
chapter.sentence,76350,76436,118
chapter.sentence,76437,76457,119
chapter.sentence,76458,76497,120
chapter.sentence,76498,76520,121
chapter.sentence,76521,76541,122
chapter.sentence,76542,76595,123
chapter.sentence,76596,76626,124
chapter.sentence,76627,76738,125
chapter.sentence,76739,76889,126
chapter.sentence,76890,77092,127
chapter.sentence,77093,77229,128
chapter.sentence,77230,77261,129
chapter.sentence,77262,77300,130
chapter.sentence,77301,77362,131
chapter.sentence,77363,77505,132
chapter.sentence,77506,77580,133
chapter.sentence,77581,77633,134
chapter.sentence,77634,77653,135
chapter.sentence,77654,77676,136
chapter.sentence,77677,77686,137
chapter.sentence,77687,77700,138
chapter.sentence,77701,77744,139
chapter.sentence,77745,77794,140
chapter.sentence,77795,77960,141
chapter.sentence,77961,78031,142
chapter.sentence,78032,78045,143
chapter.sentence,78046,78081,144
chapter.sentence,78082,78191,145
chapter.sentence,78192,78275,146
chapter.sentence,78276,78304,147
chapter.sentence,78305,78357,148
chapter.sentence,78358,78447,149
chapter.sentence,78448,78625,150
chapter.sentence,78626,78757,151
chapter.sentence,78758,78763,152
chapter.sentence,78764,78805,153
chapter.sentence,78806,78812,154
chapter.sentence,78813,78842,155
chapter.sentence,78843,78876,156
chapter.sentence,78877,78937,157
chapter.sentence,78938,78978,158
chapter.sentence,78979,79028,159
chapter.sentence,79029,79107,160
chapter.sentence,79108,79218,161
chapter.sentence,79219,79268,162
chapter.sentence,79269,79364,163
chapter.sentence,79365,79472,164
chapter.sentence,79473,79519,165
chapter.sentence,79520,79529,166
chapter.sentence,79530,79596,167
chapter.sentence,79597,79725,168
chapter.sentence,79726,79826,169
chapter.sentence,79827,79881,170
chapter.sentence,79882,79992,171
chapter.sentence,79993,80031,172
chapter.sentence,80032,80072,173
chapter.sentence,80073,80108,174
chapter.sentence,80109,80134,175
chapter.sentence,80135,80169,176
chapter.sentence,80170,80223,177
chapter.sentence,80224,80333,178
chapter.sentence,80334,80390,179
chapter.sentence,80391,80434,180
chapter.sentence,80435,80464,181
chapter.sentence,80465,80491,182
chapter.sentence,80492,80630,183
chapter.sentence,80631,80747,184
chapter.sentence,80748,80840,185
chapter.sentence,80841,80891,186
chapter.sentence,80892,80902,187
chapter.sentence,80903,80991,188
chapter.sentence,80992,81148,189
chapter.sentence,81149,81247,190
chapter.sentence,81248,81340,191
chapter.sentence,81341,81438,192
chapter.sentence,81439,81471,193
chapter.sentence,81472,81507,194
chapter.sentence,81508,81540,195
chapter.sentence,81541,81599,196
chapter.sentence,81600,81666,197
chapter.sentence,81667,81722,198
chapter.sentence,81723,81759,199
chapter.sentence,81760,81865,200
chapter.sentence,81866,81886,201
chapter.sentence,81887,81957,202
chapter.sentence,81958,82113,203
chapter.sentence,82114,82217,204
chapter.sentence,82218,82254,205
chapter.sentence,82255,82466,206
chapter.sentence,82467,82648,207
chapter.sentence,82649,82694,208
chapter.sentence,82695,82740,209
chapter.sentence,82741,82830,210
chapter.sentence,82831,82853,211
chapter.sentence,82854,82894,212
chapter.sentence,82895,82958,213
chapter.sentence,82959,83035,214
chapter.sentence,83036,83094,215
chapter.sentence,83095,83164,216
chapter.sentence,83165,83229,217
chapter.sentence,83230,83340,218
chapter.sentence,83341,83364,219
chapter.sentence,83365,83493,220
chapter.sentence,83494,83761,221
chapter.sentence,83762,83829,222
chapter.sentence,83830,83890,223
chapter.sentence,83891,83994,224
chapter.sentence,83995,84118,225
chapter.sentence,84156,84293,1
chapter.sentence,84294,84494,2
chapter.sentence,84495,84732,3
chapter.sentence,84733,84843,4
chapter.sentence,84844,84981,5
chapter.sentence,84982,85134,6
chapter.sentence,85135,85194,7
chapter.sentence,85195,85246,8
chapter.sentence,85247,85323,9
chapter.sentence,85324,85416,10
chapter.sentence,85417,85531,11
chapter.sentence,85532,85600,12
chapter.sentence,85601,85653,13
chapter.sentence,85654,85698,14
chapter.sentence,85699,85718,15
chapter.sentence,85719,85763,16
chapter.sentence,85764,85861,17
chapter.sentence,85862,86058,18
chapter.sentence,86059,86109,19
chapter.sentence,86110,86172,20
chapter.sentence,86173,86199,21
chapter.sentence,86200,86336,22
chapter.sentence,86337,86406,23
chapter.sentence,86407,86444,24
chapter.sentence,86445,86481,25
chapter.sentence,86482,86500,26
chapter.sentence,86501,86565,27
chapter.sentence,86566,86598,28
chapter.sentence,86599,86649,29
chapter.sentence,86650,86810,30
chapter.sentence,86811,86855,31
chapter.sentence,86856,86967,32
chapter.sentence,86968,87018,33
chapter.sentence,87019,87061,34
chapter.sentence,87062,87176,35
chapter.sentence,87177,87317,36
chapter.sentence,87318,87411,37
chapter.sentence,87412,87493,38
chapter.sentence,87494,87737,39
chapter.sentence,87738,87769,40
chapter.sentence,87770,87780,41
chapter.sentence,87781,87799,42
chapter.sentence,87800,87833,43
chapter.sentence,87834,87876,44
chapter.sentence,87877,87934,45
chapter.sentence,87935,87970,46
chapter.sentence,87971,87984,47
chapter.sentence,87985,88059,48
chapter.sentence,88060,88080,49
chapter.sentence,88081,88196,50
chapter.sentence,88197,88356,51
chapter.sentence,88357,88418,52
chapter.sentence,88419,88725,53
chapter.sentence,88726,88845,54
chapter.sentence,88846,88890,55
chapter.sentence,88891,89032,56
chapter.sentence,89033,89228,57
chapter.sentence,89229,89349,58
chapter.sentence,89350,89452,59
chapter.sentence,89453,89480,60
chapter.sentence,89481,89675,61
chapter.sentence,89676,89741,62
chapter.sentence,89742,89826,63
chapter.sentence,89827,89884,64
chapter.sentence,89885,89992,65
chapter.sentence,89993,90016,66
chapter.sentence,90017,90124,67
chapter.sentence,90125,90265,68
chapter.sentence,90266,90286,69
chapter.sentence,90287,90311,70
chapter.sentence,90312,90359,71
chapter.sentence,90360,90454,72
chapter.sentence,90455,90628,73
chapter.sentence,90629,90772,74
chapter.sentence,90773,90795,75
chapter.sentence,90796,90827,76
chapter.sentence,90828,90913,77
chapter.sentence,90914,90980,78
chapter.sentence,90981,91011,79
chapter.sentence,91012,91094,80
chapter.sentence,91095,91197,81
chapter.sentence,91198,91223,82
chapter.sentence,91224,91317,83
chapter.sentence,91318,91384,84
chapter.sentence,91385,91480,85
chapter.sentence,91481,91500,86
chapter.sentence,91501,91607,87
chapter.sentence,91608,91706,88
chapter.sentence,91707,91789,89
chapter.sentence,91790,91895,90
chapter.sentence,91896,91924,91
chapter.sentence,91925,91987,92
chapter.sentence,91988,92136,93
chapter.sentence,92137,92180,94
chapter.sentence,92181,92273,95
chapter.sentence,92274,92304,96
chapter.sentence,92305,92436,97
chapter.sentence,92437,92532,98
chapter.sentence,92533,92695,99
chapter.sentence,92696,92885,100
chapter.sentence,92886,93027,101
chapter.sentence,93028,93085,102
chapter.sentence,93086,93395,103
chapter.sentence,93396,93423,104
chapter.sentence,93424,93486,105
chapter.sentence,93487,93607,106
chapter.sentence,93608,93632,107
chapter.sentence,93633,93652,108
chapter.sentence,93653,93688,109
chapter.sentence,93689,93804,110
chapter.sentence,93805,93829,111
chapter.sentence,93830,93915,112
chapter.sentence,93916,93960,113
chapter.sentence,93961,94023,114
chapter.sentence,94024,94100,115
chapter.sentence,94101,94155,116
chapter.sentence,94156,94262,117
chapter.sentence,94263,94380,118
chapter.sentence,94381,94420,119
chapter.sentence,94421,94450,120
chapter.sentence,94451,94509,121
chapter.sentence,94510,94578,122
chapter.sentence,94579,94646,123
chapter.sentence,94647,94675,124
chapter.sentence,94676,94758,125
chapter.sentence,94759,94881,126
chapter.sentence,94882,94954,127
chapter.sentence,94955,95057,128
chapter.sentence,95058,95162,129
chapter.sentence,95163,95195,130
chapter.sentence,95196,95266,131
chapter.sentence,95267,95324,132
chapter.sentence,95325,95368,133
chapter.sentence,95369,95402,134
chapter.sentence,95403,95462,135
chapter.sentence,95463,95574,136
chapter.sentence,95575,95625,137
chapter.sentence,95626,95856,138
chapter.sentence,95857,95907,139
chapter.sentence,95908,96006,140
chapter.sentence,96007,96060,141
chapter.sentence,96061,96096,142
chapter.sentence,96097,96128,143
chapter.sentence,96129,96197,144
chapter.sentence,96198,96230,145
chapter.sentence,96231,96297,146
chapter.sentence,96298,96363,147
chapter.sentence,96364,96370,148
chapter.sentence,96371,96431,149
chapter.sentence,96432,96482,150
chapter.sentence,96483,96578,151
chapter.sentence,96579,96650,152
chapter.sentence,96651,96691,153
chapter.sentence,96692,96753,154
chapter.sentence,96754,96781,155
chapter.sentence,96782,96869,156
chapter.sentence,96870,97047,157
chapter.sentence,97048,97162,158
chapter.sentence,97163,97321,159
chapter.sentence,97322,97337,160
chapter.sentence,97338,97487,161
chapter.sentence,97488,97599,162
chapter.sentence,97600,97653,163
chapter.sentence,97654,97667,164
chapter.sentence,97668,97683,165
chapter.sentence,97684,97703,166
chapter.sentence,97704,97741,167
chapter.sentence,97742,97808,168
chapter.sentence,97809,97836,169
chapter.sentence,97837,97900,170
chapter.sentence,97901,97945,171
chapter.sentence,97946,97985,172
chapter.sentence,97986,98018,173
chapter.sentence,98019,98135,174
chapter.sentence,98136,98165,175
chapter.sentence,98166,98189,176
chapter.sentence,98190,98205,177
chapter.sentence,98206,98239,178
chapter.sentence,98240,98278,179
chapter.sentence,98279,98308,180
chapter.sentence,98309,98362,181
chapter.sentence,98363,98400,182
chapter.sentence,98401,98426,183
chapter.sentence,98427,98447,184
chapter.sentence,98448,98472,185
chapter.sentence,98473,98519,186
chapter.sentence,98520,98550,187
chapter.sentence,98551,98580,188
chapter.sentence,98581,98678,189
chapter.sentence,98679,98732,190
chapter.sentence,98733,98781,191
chapter.sentence,98782,98805,192
chapter.sentence,98806,98827,193
chapter.sentence,98828,98867,194
chapter.sentence,98868,98887,195
chapter.sentence,98888,98907,196
chapter.sentence,98908,98915,197
chapter.sentence,98916,98958,198
chapter.sentence,98959,99007,199
chapter.sentence,99008,99036,200
chapter.sentence,99037,99092,201
chapter.sentence,99093,99194,202
chapter.sentence,99195,99262,203
chapter.sentence,99263,99339,204
chapter.sentence,99340,99405,205
chapter.sentence,99406,99435,206
chapter.sentence,99436,99475,207
chapter.sentence,99476,99554,208
chapter.sentence,99555,99692,209
chapter.sentence,99693,99718,210
chapter.sentence,99719,99794,211
chapter.sentence,99795,99896,212
chapter.sentence,99897,99984,213
chapter.sentence,99985,100019,214
chapter.sentence,100061,100196,1
chapter.sentence,100197,100248,2
chapter.sentence,100249,100267,3
chapter.sentence,100268,100283,4
chapter.sentence,100284,100355,5
chapter.sentence,100356,100418,6
chapter.sentence,100419,100506,7
chapter.sentence,100507,100636,8
chapter.sentence,100637,100712,9
chapter.sentence,100713,100729,10
chapter.sentence,100730,100739,11
chapter.sentence,100740,100774,12
chapter.sentence,100775,100859,13
chapter.sentence,100860,100917,14
chapter.sentence,100918,100975,15
chapter.sentence,100976,101030,16
chapter.sentence,101031,101194,17
chapter.sentence,101195,101286,18
chapter.sentence,101287,101439,19
chapter.sentence,101440,101536,20
chapter.sentence,101537,101635,21
chapter.sentence,101636,101671,22
chapter.sentence,101672,101759,23
chapter.sentence,101760,101947,24
chapter.sentence,101948,101991,25
chapter.sentence,101992,101999,26
chapter.sentence,102000,102160,27
chapter.sentence,102161,102216,28
chapter.sentence,102217,102312,29
chapter.sentence,102313,102361,30
chapter.sentence,102362,102435,31
chapter.sentence,102436,102500,32
chapter.sentence,102501,102587,33
chapter.sentence,102588,102613,34
chapter.sentence,102614,102793,35
chapter.sentence,102794,102957,36
chapter.sentence,102958,103082,37
chapter.sentence,103083,103155,38
chapter.sentence,103156,103185,39
chapter.sentence,103186,103195,40
chapter.sentence,103196,103252,41
chapter.sentence,103253,103328,42
chapter.sentence,103329,103362,43
chapter.sentence,103363,103447,44
chapter.sentence,103448,103480,45
chapter.sentence,103481,103658,46
chapter.sentence,103659,103783,47
chapter.sentence,103784,103861,48
chapter.sentence,103862,103912,49
chapter.sentence,103913,103940,50
chapter.sentence,103941,104103,51
chapter.sentence,104104,104253,52
chapter.sentence,104254,104315,53
chapter.sentence,104316,104502,54
chapter.sentence,104503,104527,55
chapter.sentence,104528,104816,56
chapter.sentence,104817,104967,57
chapter.sentence,104968,105087,58
chapter.sentence,105088,105112,59
chapter.sentence,105113,105211,60
chapter.sentence,105212,105345,61
chapter.sentence,105346,105466,62
chapter.sentence,105467,105508,63
chapter.sentence,105509,105528,64
chapter.sentence,105529,105682,65
chapter.sentence,105683,105708,66
chapter.sentence,105709,105741,67
chapter.sentence,105742,105808,68
chapter.sentence,105809,105944,69
chapter.sentence,105945,106120,70
chapter.sentence,106121,106322,71
chapter.sentence,106323,106361,72
chapter.sentence,106362,106408,73
chapter.sentence,106409,106439,74
chapter.sentence,106440,106550,75
chapter.sentence,106551,106603,76
chapter.sentence,106604,106648,77
chapter.sentence,106649,106678,78
chapter.sentence,106679,106745,79
chapter.sentence,106746,106751,80
chapter.sentence,106752,106809,81
chapter.sentence,106810,106847,82
chapter.sentence,106848,106909,83
chapter.sentence,106910,106943,84
chapter.sentence,106944,107017,85
chapter.sentence,107018,107094,86
chapter.sentence,107095,107132,87
chapter.sentence,107133,107163,88
chapter.sentence,107164,107195,89
chapter.sentence,107196,107256,90
chapter.sentence,107257,107265,91
chapter.sentence,107266,107287,92
chapter.sentence,107288,107328,93
chapter.sentence,107329,107415,94
chapter.sentence,107416,107444,95
chapter.sentence,107445,107476,96
chapter.sentence,107477,107521,97
chapter.sentence,107522,107610,98
chapter.sentence,107611,107742,99
chapter.sentence,107743,107833,100
chapter.sentence,107834,107910,101
chapter.sentence,107911,107950,102
chapter.sentence,107951,107971,103
chapter.sentence,107972,107996,104
chapter.sentence,107997,108033,105
chapter.sentence,108034,108132,106
chapter.sentence,108133,108318,107
chapter.sentence,108319,108358,108
chapter.sentence,108359,108433,109
chapter.sentence,108434,108444,110
chapter.sentence,108445,108451,111
chapter.sentence,108452,108502,112
chapter.sentence,108503,108629,113
chapter.sentence,108630,108739,114
chapter.sentence,108740,108818,115
chapter.sentence,108819,108994,116
chapter.sentence,108995,109189,117
chapter.sentence,109190,109444,118
chapter.sentence,109445,109473,119
chapter.sentence,109474,109511,120
chapter.sentence,109512,109646,121
chapter.sentence,109647,109721,122
chapter.sentence,109722,109796,123
chapter.sentence,109797,109941,124
chapter.sentence,109942,110030,125
chapter.sentence,110031,110060,126
chapter.sentence,110061,110240,127
chapter.sentence,110241,110276,128
chapter.sentence,110277,110490,129
chapter.sentence,110491,110658,130
chapter.sentence,110659,110775,131
chapter.sentence,110776,110878,132
chapter.sentence,110879,110899,133
chapter.sentence,110900,110912,134
chapter.sentence,110913,110928,135
chapter.sentence,110929,111010,136
chapter.sentence,111011,111194,137
chapter.sentence,111195,111288,138
chapter.sentence,111289,111408,139
chapter.sentence,111409,111710,140
chapter.sentence,111711,111779,141
chapter.sentence,111780,111887,142
chapter.sentence,111888,111906,143
chapter.sentence,111907,111990,144
chapter.sentence,111991,112043,145
chapter.sentence,112044,112098,146
chapter.sentence,112099,112150,147
chapter.sentence,112151,112347,148
chapter.sentence,112348,112377,149
chapter.sentence,112378,112398,150
chapter.sentence,112399,112441,151
chapter.sentence,112442,112493,152
chapter.sentence,112494,112525,153
chapter.sentence,112526,112559,154
chapter.sentence,112560,112632,155
chapter.sentence,112633,112885,156
chapter.sentence,112886,112974,157
chapter.sentence,112975,113012,158
chapter.sentence,113013,113026,159
chapter.sentence,113027,113087,160
chapter.sentence,113088,113162,161
chapter.sentence,113163,113222,162
chapter.sentence,113223,113345,163
chapter.sentence,113346,113534,164
chapter.sentence,113535,113625,165
chapter.sentence,113626,113688,166
chapter.sentence,113689,113776,167
chapter.sentence,113777,113829,168
chapter.sentence,113830,113984,169
chapter.sentence,113985,114324,170
chapter.sentence,114325,114480,171
chapter.sentence,114481,114849,172
chapter.sentence,114850,114967,173
chapter.sentence,114968,114992,174
chapter.sentence,114993,115152,175
chapter.sentence,115153,115438,176
chapter.sentence,115439,115599,177
chapter.sentence,115600,115690,178
chapter.sentence,115691,115799,179
chapter.sentence,115800,115916,180
chapter.sentence,115917,116041,181
chapter.sentence,116042,116104,182
chapter.sentence,116105,116179,183
chapter.sentence,116180,116270,184
chapter.sentence,116271,116309,185
chapter.sentence,116310,116367,186
chapter.sentence,116368,116527,187
chapter.sentence,116528,116626,188
chapter.sentence,116627,116759,189
chapter.sentence,116760,116808,190
chapter.sentence,116809,116970,191
chapter.sentence,116971,117097,192
chapter.sentence,117098,117134,193
chapter.sentence,117135,117224,194
chapter.sentence,117225,117273,195
chapter.sentence,117274,117426,196
chapter.sentence,117427,117626,197
chapter.sentence,117627,117781,198
chapter.sentence,117782,117804,199
chapter.sentence,117805,117935,200
chapter.sentence,117936,118051,201
chapter.sentence,118052,118281,202
chapter.sentence,118282,118390,203
chapter.sentence,118391,118602,204
chapter.sentence,118603,118674,205
chapter.sentence,118675,118722,206
chapter.sentence,118723,118890,207
chapter.sentence,118891,118945,208
chapter.sentence,118946,119059,209
chapter.sentence,119060,119098,210
chapter.sentence,119099,119117,211
chapter.sentence,119118,119131,212
chapter.sentence,119132,119155,213
chapter.sentence,119156,119198,214
chapter.sentence,119199,119304,215
chapter.sentence,119305,119319,216
chapter.sentence,119320,119432,217
chapter.sentence,119433,119502,218
chapter.sentence,119503,119542,219
chapter.sentence,119543,119605,220
chapter.sentence,119606,119664,221
chapter.sentence,119665,119706,222
chapter.sentence,119707,119771,223
chapter.sentence,119772,119796,224
chapter.sentence,119797,119891,225
chapter.sentence,119892,120053,226
chapter.sentence,120054,120062,227
chapter.sentence,120063,120109,228
chapter.sentence,120110,120343,229
chapter.sentence,120344,120397,230
chapter.sentence,120398,120413,231
chapter.sentence,120414,120474,232
chapter.sentence,120475,120537,233
chapter.sentence,120538,120568,234
chapter.sentence,120569,120590,235
chapter.sentence,120591,120632,236
chapter.sentence,120633,120702,237
chapter.sentence,120703,120813,238
chapter.sentence,120814,120897,239
chapter.sentence,120898,120931,240
chapter.sentence,120932,120983,241
chapter.sentence,120984,121123,242
chapter.sentence,121124,121163,243
chapter.sentence,121164,121354,244
chapter.sentence,121355,121446,245
chapter.sentence,121447,121500,246
chapter.sentence,121501,121526,247
chapter.sentence,121527,121539,248
chapter.sentence,121540,121554,249
chapter.sentence,121555,121567,250
chapter.sentence,121568,121644,251
chapter.sentence,121645,121675,252
chapter.sentence,121676,121710,253
chapter.sentence,121711,121727,254
chapter.sentence,121728,121745,255
chapter.sentence,121746,121778,256
chapter.sentence,121779,121800,257
chapter.sentence,121801,121830,258
chapter.sentence,121831,121859,259
chapter.sentence,121860,121898,260
chapter.sentence,121899,121948,261
chapter.sentence,121949,122030,262
chapter.sentence,122031,122072,263
chapter.sentence,122073,122123,264
chapter.sentence,122124,122208,265
chapter.sentence,122209,122356,266
chapter.sentence,122357,122405,267
chapter.sentence,122406,122422,268
chapter.sentence,122423,122431,269
chapter.sentence,122432,122450,270
chapter.sentence,122451,122500,271
chapter.sentence,122501,122563,272
chapter.sentence,122564,122674,273
chapter.sentence,122675,122694,274
chapter.sentence,122695,122720,275
chapter.sentence,122721,122730,276
chapter.sentence,122731,122737,277
chapter.sentence,122738,122775,278
chapter.sentence,122776,122782,279
chapter.sentence,122783,122823,280
chapter.sentence,122824,122845,281
chapter.sentence,122846,122867,282
chapter.sentence,122868,122874,283
chapter.sentence,122875,122967,284
chapter.sentence,122968,123098,285
chapter.sentence,123099,123188,286
chapter.sentence,123189,123269,287
chapter.sentence,123270,123331,288
chapter.sentence,123332,123393,289
chapter.sentence,123394,123437,290
chapter.sentence,123438,123456,291
chapter.sentence,123457,123509,292
chapter.sentence,123510,123545,293
chapter.sentence,123546,123578,294
chapter.sentence,123579,123649,295
chapter.sentence,123650,123681,296
chapter.sentence,123682,123721,297
chapter.sentence,123722,123805,298
chapter.sentence,123806,123839,299
chapter.sentence,123840,123914,300
chapter.sentence,123915,123949,301
chapter.sentence,123950,124044,302
chapter.sentence,124045,124127,303
chapter.sentence,124173,124269,1
chapter.sentence,124270,124415,2
chapter.sentence,124416,124762,3
chapter.sentence,124763,125000,4
chapter.sentence,125001,125105,5
chapter.sentence,125106,125128,6
chapter.sentence,125129,125223,7
chapter.sentence,125224,125292,8
chapter.sentence,125293,125341,9
chapter.sentence,125342,125404,10
chapter.sentence,125405,125468,11
chapter.sentence,125469,125625,12
chapter.sentence,125626,125733,13
chapter.sentence,125734,125776,14
chapter.sentence,125777,125855,15
chapter.sentence,125856,125883,16
chapter.sentence,125884,126035,17
chapter.sentence,126036,126066,18
chapter.sentence,126067,126199,19
chapter.sentence,126200,126560,20
chapter.sentence,126561,126812,21
chapter.sentence,126813,126844,22
chapter.sentence,126845,126896,23
chapter.sentence,126897,126969,24
chapter.sentence,126970,127005,25
chapter.sentence,127006,127098,26
chapter.sentence,127099,127306,27
chapter.sentence,127307,127372,28
chapter.sentence,127373,127402,29
chapter.sentence,127403,127490,30
chapter.sentence,127491,127550,31
chapter.sentence,127551,127584,32
chapter.sentence,127585,127596,33
chapter.sentence,127597,127605,34
chapter.sentence,127606,127613,35
chapter.sentence,127614,127677,36
chapter.sentence,127678,127725,37
chapter.sentence,127726,127806,38
chapter.sentence,127807,127863,39
chapter.sentence,127864,127923,40
chapter.sentence,127924,128099,41
chapter.sentence,128100,128382,42
chapter.sentence,128383,128569,43
chapter.sentence,128570,128633,44
chapter.sentence,128634,128702,45
chapter.sentence,128703,128773,46
chapter.sentence,128774,128794,47
chapter.sentence,128795,128826,48
chapter.sentence,128827,128852,49
chapter.sentence,128853,128929,50
chapter.sentence,128930,128965,51
chapter.sentence,128966,129055,52
chapter.sentence,129056,129067,53
chapter.sentence,129068,129117,54
chapter.sentence,129118,129129,55
chapter.sentence,129130,129188,56
chapter.sentence,129189,129241,57
chapter.sentence,129242,129362,58
chapter.sentence,129363,129486,59
chapter.sentence,129487,129517,60
chapter.sentence,129518,129598,61
chapter.sentence,129599,129682,62
chapter.sentence,129683,129703,63
chapter.sentence,129704,129922,64
chapter.sentence,129923,130137,65
chapter.sentence,130138,130397,66
chapter.sentence,130398,130466,67
chapter.sentence,130467,130615,68
chapter.sentence,130616,130643,69
chapter.sentence,130644,130691,70
chapter.sentence,130692,130754,71
chapter.sentence,130755,130918,72
chapter.sentence,130919,130951,73
chapter.sentence,130952,130978,74
chapter.sentence,130979,131004,75
chapter.sentence,131005,131038,76
chapter.sentence,131039,131103,77
chapter.sentence,131104,131134,78
chapter.sentence,131135,131142,79
chapter.sentence,131143,131153,80
chapter.sentence,131154,131176,81
chapter.sentence,131177,131357,82
chapter.sentence,131358,131391,83
chapter.sentence,131392,131418,84
chapter.sentence,131419,131568,85
chapter.sentence,131569,131605,86
chapter.sentence,131606,131639,87
chapter.sentence,131640,131662,88
chapter.sentence,131663,131701,89
chapter.sentence,131702,131725,90
chapter.sentence,131726,131844,91
chapter.sentence,131845,131901,92
chapter.sentence,131902,131952,93
chapter.sentence,131953,132028,94
chapter.sentence,132029,132074,95
chapter.sentence,132075,132194,96
chapter.sentence,132195,132260,97
chapter.sentence,132261,132322,98
chapter.sentence,132323,132438,99
chapter.sentence,132439,132571,100
chapter.sentence,132572,132615,101
chapter.sentence,132616,132811,102
chapter.sentence,132812,132868,103
chapter.sentence,132869,133153,104
chapter.sentence,133154,133259,105
chapter.sentence,133260,133321,106
chapter.sentence,133322,133335,107
chapter.sentence,133336,133420,108
chapter.sentence,133421,133479,109
chapter.sentence,133480,133517,110
chapter.sentence,133518,133551,111
chapter.sentence,133552,133607,112
chapter.sentence,133608,133625,113
chapter.sentence,133626,133679,114
chapter.sentence,133680,133707,115
chapter.sentence,133708,133730,116
chapter.sentence,133731,133757,117
chapter.sentence,133758,133866,118
chapter.sentence,133867,133911,119
chapter.sentence,133912,133966,120
chapter.sentence,133967,134029,121
chapter.sentence,134030,134079,122
chapter.sentence,134080,134198,123
chapter.sentence,134199,134218,124
chapter.sentence,134219,134247,125
chapter.sentence,134248,134291,126
chapter.sentence,134292,134324,127
chapter.sentence,134325,134394,128
chapter.sentence,134395,134411,129
chapter.sentence,134412,134422,130
chapter.sentence,134423,134453,131
chapter.sentence,134454,134499,132
chapter.sentence,134500,134611,133
chapter.sentence,134612,134660,134
chapter.sentence,134661,134677,135
chapter.sentence,134678,134706,136
chapter.sentence,134707,134770,137
chapter.sentence,134771,134833,138
chapter.sentence,134834,134890,139
chapter.sentence,134891,134907,140
chapter.sentence,134908,134916,141
chapter.sentence,134917,134923,142
chapter.sentence,134924,134937,143
chapter.sentence,134938,134956,144
chapter.sentence,134957,134991,145
chapter.sentence,134992,135056,146
chapter.sentence,135057,135097,147
chapter.sentence,135098,135104,148
chapter.sentence,135105,135131,149
chapter.sentence,135132,135160,150
chapter.sentence,135161,135175,151
chapter.sentence,135176,135190,152
chapter.sentence,135191,135206,153
chapter.sentence,135207,135252,154
chapter.sentence,135253,135282,155
chapter.sentence,135283,135365,156
chapter.sentence,135366,135437,157
chapter.sentence,135438,135467,158
chapter.sentence,135468,135491,159
chapter.sentence,135492,135724,160
chapter.sentence,135725,135746,161
chapter.sentence,135747,135784,162
chapter.sentence,135785,135810,163
chapter.sentence,135811,135842,164
chapter.sentence,135843,135908,165
chapter.sentence,135909,135941,166
chapter.sentence,135942,136096,167
chapter.sentence,136097,136188,168
chapter.sentence,136189,136257,169
chapter.sentence,136258,136441,170
chapter.sentence,136442,136482,171
chapter.sentence,136483,136496,172
chapter.sentence,136497,136523,173
chapter.sentence,136524,136607,174
chapter.sentence,136608,136633,175
chapter.sentence,136634,136712,176
chapter.sentence,136713,136756,177
chapter.sentence,136757,136865,178
chapter.sentence,136866,136943,179
chapter.sentence,136944,136990,180
chapter.sentence,136991,137007,181
chapter.sentence,137008,137030,182
chapter.sentence,137031,137099,183
chapter.sentence,137100,137129,184
chapter.sentence,137130,137162,185
chapter.sentence,137163,137193,186
chapter.sentence,137194,137201,187
chapter.sentence,137202,137237,188
chapter.sentence,137238,137323,189
chapter.sentence,137324,137355,190
chapter.sentence,137356,137459,191
chapter.sentence,137460,137490,192
chapter.sentence,137491,137613,193
chapter.sentence,137614,137667,194
chapter.sentence,137668,137727,195
chapter.sentence,137728,137768,196
chapter.sentence,137769,137850,197
chapter.sentence,137851,137976,198
chapter.sentence,137977,138040,199
chapter.sentence,138041,138076,200
chapter.sentence,138077,138124,201
chapter.sentence,138125,138198,202
chapter.sentence,138199,138235,203
chapter.sentence,138236,138272,204
chapter.sentence,138273,138344,205
chapter.sentence,138403,138443,1
chapter.sentence,138444,138585,2
chapter.sentence,138586,138726,3
chapter.sentence,138727,138807,4
chapter.sentence,138808,138874,5
chapter.sentence,138875,138909,6
chapter.sentence,138910,138975,7
chapter.sentence,138976,139172,8
chapter.sentence,139173,139307,9
chapter.sentence,139308,139397,10
chapter.sentence,139398,139464,11
chapter.sentence,139465,139503,12
chapter.sentence,139504,139536,13
chapter.sentence,139537,139575,14
chapter.sentence,139576,139721,15
chapter.sentence,139722,139762,16
chapter.sentence,139763,139909,17
chapter.sentence,139910,139989,18
chapter.sentence,139990,140218,19
chapter.sentence,140219,140246,20
chapter.sentence,140247,140297,21
chapter.sentence,140298,140318,22
chapter.sentence,140319,140332,23
chapter.sentence,140333,140406,24
chapter.sentence,140407,140429,25
chapter.sentence,140430,140575,26
chapter.sentence,140576,140656,27
chapter.sentence,140657,140754,28
chapter.sentence,140755,140949,29
chapter.sentence,140950,140974,30
chapter.sentence,140975,141007,31
chapter.sentence,141008,141050,32
chapter.sentence,141051,141171,33
chapter.sentence,141172,141223,34
chapter.sentence,141224,141233,35
chapter.sentence,141234,141300,36
chapter.sentence,141301,141342,37
chapter.sentence,141343,141394,38
chapter.sentence,141395,141457,39
chapter.sentence,141458,141526,40
chapter.sentence,141527,141551,41
chapter.sentence,141552,141604,42
chapter.sentence,141605,141720,43
chapter.sentence,141721,141773,44
chapter.sentence,141774,141878,45
chapter.sentence,141879,142014,46
chapter.sentence,142015,142109,47
chapter.sentence,142110,142209,48
chapter.sentence,142210,142233,49
chapter.sentence,142234,142243,50
chapter.sentence,142244,142287,51
chapter.sentence,142288,142314,52
chapter.sentence,142315,142339,53
chapter.sentence,142340,142402,54
chapter.sentence,142403,142425,55
chapter.sentence,142426,142438,56
chapter.sentence,142439,142471,57
chapter.sentence,142472,142480,58
chapter.sentence,142481,142555,59
chapter.sentence,142556,142586,60
chapter.sentence,142587,142593,61
chapter.sentence,142594,142622,62
chapter.sentence,142623,142644,63
chapter.sentence,142645,142668,64
chapter.sentence,142669,142722,65
chapter.sentence,142723,142739,66
chapter.sentence,142740,142826,67
chapter.sentence,142827,142853,68
chapter.sentence,142854,142884,69
chapter.sentence,142885,142926,70
chapter.sentence,142927,142960,71
chapter.sentence,142961,142980,72
chapter.sentence,142981,143000,73
chapter.sentence,143001,143025,74
chapter.sentence,143026,143069,75
chapter.sentence,143070,143093,76
chapter.sentence,143094,143116,77
chapter.sentence,143117,143190,78
chapter.sentence,143191,143200,79
chapter.sentence,143201,143284,80
chapter.sentence,143285,143326,81
chapter.sentence,143327,143359,82
chapter.sentence,143360,143375,83
chapter.sentence,143376,143422,84
chapter.sentence,143423,143503,85
chapter.sentence,143504,143543,86
chapter.sentence,143544,143587,87
chapter.sentence,143588,143615,88
chapter.sentence,143616,143627,89
chapter.sentence,143628,143655,90
chapter.sentence,143656,143680,91
chapter.sentence,143681,143724,92
chapter.sentence,143725,143763,93
chapter.sentence,143764,143791,94
chapter.sentence,143792,143818,95
chapter.sentence,143819,143893,96
chapter.sentence,143894,144079,97
chapter.sentence,144080,144191,98
chapter.sentence,144192,144323,99
chapter.sentence,144324,144443,100
chapter.sentence,144444,144498,101
chapter.sentence,144499,144550,102
chapter.sentence,144551,144569,103
chapter.sentence,144570,144744,104
chapter.sentence,144745,144799,105
chapter.sentence,144800,144854,106
chapter.sentence,144855,144915,107
chapter.sentence,144916,145019,108
chapter.sentence,145020,145038,109
chapter.sentence,145039,145127,110
chapter.sentence,145128,145165,111
chapter.sentence,145166,145211,112
chapter.sentence,145212,145251,113
chapter.sentence,145252,145261,114
chapter.sentence,145262,145292,115
chapter.sentence,145293,145341,116
chapter.sentence,145342,145401,117
chapter.sentence,145402,145458,118
chapter.sentence,145459,145482,119
chapter.sentence,145483,145533,120
chapter.sentence,145534,145598,121
chapter.sentence,145599,145628,122
chapter.sentence,145629,145659,123
chapter.sentence,145660,145688,124
chapter.sentence,145689,145720,125
chapter.sentence,145721,145811,126
chapter.sentence,145812,145821,127
chapter.sentence,145822,145853,128
chapter.sentence,145854,145942,129
chapter.sentence,145943,146104,130
chapter.sentence,146105,146196,131
chapter.sentence,146197,146223,132
chapter.sentence,146224,146254,133
chapter.sentence,146255,146289,134
chapter.sentence,146290,146311,135
chapter.sentence,146312,146362,136
chapter.sentence,146363,146394,137
chapter.sentence,146395,146608,138
chapter.sentence,146609,146816,139
chapter.sentence,146817,146852,140
chapter.sentence,146853,146922,141
chapter.sentence,146923,146957,142
chapter.sentence,146958,147029,143
chapter.sentence,147030,147052,144
chapter.sentence,147053,147065,145
chapter.sentence,147066,147180,146
chapter.sentence,147181,147213,147
chapter.sentence,147214,147250,148
chapter.sentence,147251,147276,149
chapter.sentence,147277,147297,150
chapter.sentence,147298,147342,151
chapter.sentence,147343,147393,152
chapter.sentence,147394,147440,153
chapter.sentence,147441,147588,154
chapter.sentence,147589,147649,155
chapter.sentence,147650,147698,156
chapter.sentence,147699,147828,157
chapter.sentence,147829,147883,158
chapter.sentence,147884,147979,159
chapter.sentence,147980,147993,160
chapter.sentence,147994,148018,161
chapter.sentence,148019,148261,162
chapter.sentence,148262,148405,163
chapter.sentence,148406,148448,164
chapter.sentence,148449,148477,165
chapter.sentence,148478,148529,166
chapter.sentence,148530,148568,167
chapter.sentence,148569,148591,168
chapter.sentence,148592,148613,169
chapter.sentence,148614,148664,170
chapter.sentence,148665,148696,171
chapter.sentence,148697,148775,172
chapter.sentence,148776,148811,173
chapter.sentence,148812,148836,174
chapter.sentence,148837,148857,175
chapter.sentence,148858,148902,176
chapter.sentence,148903,149020,177
chapter.sentence,149021,149166,178
chapter.sentence,149167,149327,179
chapter.sentence,149328,149476,180
chapter.sentence,149477,149531,181
chapter.sentence,149532,149578,182
chapter.sentence,149579,149602,183
chapter.sentence,149603,149652,184
chapter.sentence,149653,149774,185
chapter.sentence,149775,149903,186
chapter.sentence,149904,150100,187
chapter.sentence,150101,150266,188
chapter.sentence,150267,150436,189
chapter.sentence,150437,150574,190
chapter.sentence,150575,150624,191
chapter.sentence,150625,150679,192
chapter.sentence,150680,150691,193
chapter.sentence,150692,150884,194
chapter.sentence,150885,151027,195
chapter.sentence,151028,151119,196
chapter.sentence,151120,151225,197
chapter.sentence,151226,151376,198
chapter.sentence,151377,151400,199
chapter.sentence,151401,151509,200
chapter.sentence,151510,151565,201
chapter.sentence,151566,151628,202
chapter.sentence,151629,151707,203
chapter.sentence,151708,151762,204
chapter.sentence,151763,151935,205
chapter.sentence,151936,151987,206
chapter.sentence,151988,152026,207
chapter.sentence,152027,152067,208
chapter.sentence,152068,152271,209
chapter.sentence,152272,152393,210
chapter.sentence,152394,152427,211
chapter.sentence,152428,152517,212
chapter.sentence,152518,152574,213
chapter.sentence,152575,152615,214
chapter.sentence,152616,152666,215
chapter.sentence,152667,152692,216
chapter.sentence,152693,152714,217
chapter.sentence,152715,152752,218
chapter.sentence,152753,152772,219
chapter.sentence,152773,152782,220
chapter.sentence,152783,152794,221
chapter.sentence,152795,152942,222
chapter.sentence,152943,153081,223
chapter.sentence,153082,153140,224
chapter.sentence,153141,153224,225
chapter.sentence,153225,153264,226
chapter.sentence,153265,153322,227
chapter.sentence,153323,153522,228
chapter.sentence,153523,153584,229
chapter.sentence,153585,153634,230
chapter.sentence,153635,153663,231
chapter.sentence,153664,153682,232
chapter.sentence,153683,153700,233
chapter.sentence,153701,153802,234
chapter.sentence,153803,153879,235
chapter.sentence,153880,153949,236
chapter.sentence,153950,154065,237
chapter.sentence,154066,154155,238
chapter.sentence,154156,154502,239
chapter.sentence,154503,154538,240
chapter.sentence,154539,154784,241
chapter.sentence,154785,154842,242
chapter.sentence,154843,154931,243
chapter.sentence,154932,154991,244
chapter.sentence,154992,155031,245
chapter.sentence,155032,155150,246
chapter.sentence,155151,155211,247
chapter.sentence,155212,155389,248
chapter.sentence,155390,155589,249
chapter.sentence,155590,155710,250
chapter.sentence,155711,155819,251
chapter.sentence,155820,155877,252
chapter.sentence,155878,155990,253
chapter.sentence,155991,156064,254
chapter.sentence,156065,156112,255
chapter.sentence,156113,156190,256
chapter.sentence,156191,156284,257
chapter.sentence,156285,156347,258
chapter.sentence,156348,156419,259
chapter.sentence,156420,156498,260
chapter.sentence,156499,156567,261
chapter.sentence,156568,156578,262
chapter.sentence,156579,156660,263
chapter.sentence,156661,156734,264
chapter.sentence,156735,156781,265
chapter.sentence,156782,156854,266
chapter.sentence,156855,157107,267
chapter.sentence,157108,157153,268
chapter.sentence,157154,157167,269
chapter.sentence,157168,157193,270
chapter.sentence,157194,157285,271
chapter.sentence,157286,157330,272
chapter.sentence,157331,157367,273
chapter.sentence,157368,157412,274
chapter.sentence,157413,157429,275
chapter.sentence,157430,157522,276
chapter.sentence,157523,157593,277
chapter.sentence,157594,157631,278
chapter.sentence,157632,157681,279
chapter.sentence,157682,157728,280
chapter.sentence,157729,157774,281
chapter.sentence,157775,157902,282
chapter.sentence,157903,158007,283
chapter.sentence,158008,158039,284
chapter.sentence,158040,158076,285
chapter.sentence,158077,158117,286
chapter.sentence,158118,158246,287
chapter.sentence,158247,158280,288
chapter.sentence,158281,158342,289
chapter.sentence,158343,158357,290
chapter.sentence,158358,158443,291
chapter.sentence,158486,158524,1
chapter.sentence,158525,158687,2
chapter.sentence,158688,158812,3
chapter.sentence,158813,158883,4
chapter.sentence,158884,158924,5
chapter.sentence,158925,158934,6
chapter.sentence,158935,159056,7
chapter.sentence,159057,159178,8
chapter.sentence,159179,159208,9
chapter.sentence,159209,159329,10
chapter.sentence,159330,159356,11
chapter.sentence,159357,159399,12
chapter.sentence,159400,159415,13
chapter.sentence,159416,159513,14
chapter.sentence,159514,159553,15
chapter.sentence,159554,159851,16
chapter.sentence,159852,159883,17
chapter.sentence,159884,159957,18
chapter.sentence,159958,159970,19
chapter.sentence,159971,160116,20
chapter.sentence,160117,160174,21
chapter.sentence,160175,160195,22
chapter.sentence,160196,160317,23
chapter.sentence,160318,160332,24
chapter.sentence,160333,160396,25
chapter.sentence,160397,160405,26
chapter.sentence,160406,160415,27
chapter.sentence,160416,160429,28
chapter.sentence,160430,160451,29
chapter.sentence,160452,160530,30
chapter.sentence,160531,160584,31
chapter.sentence,160585,160602,32
chapter.sentence,160603,160637,33
chapter.sentence,160638,160670,34
chapter.sentence,160671,160686,35
chapter.sentence,160687,160717,36
chapter.sentence,160718,160729,37
chapter.sentence,160730,160773,38
chapter.sentence,160774,160809,39
chapter.sentence,160810,160873,40
chapter.sentence,160874,160916,41
chapter.sentence,160917,160942,42
chapter.sentence,160943,160956,43
chapter.sentence,160957,161023,44
chapter.sentence,161024,161188,45
chapter.sentence,161189,161296,46
chapter.sentence,161297,161331,47
chapter.sentence,161332,161402,48
chapter.sentence,161403,161491,49
chapter.sentence,161492,161607,50
chapter.sentence,161608,161659,51
chapter.sentence,161660,161728,52
chapter.sentence,161729,161824,53
chapter.sentence,161825,161844,54
chapter.sentence,161845,161916,55
chapter.sentence,161917,161928,56
chapter.sentence,161929,161995,57
chapter.sentence,161996,162008,58
chapter.sentence,162009,162052,59
chapter.sentence,162053,162068,60
chapter.sentence,162069,162189,61
chapter.sentence,162190,162214,62
chapter.sentence,162215,162274,63
chapter.sentence,162275,162338,64
chapter.sentence,162339,162379,65
chapter.sentence,162380,162448,66
chapter.sentence,162449,162528,67
chapter.sentence,162529,162608,68
chapter.sentence,162609,162688,69
chapter.sentence,162689,162722,70
chapter.sentence,162723,162764,71
chapter.sentence,162765,162871,72
chapter.sentence,162872,163001,73
chapter.sentence,163002,163031,74
chapter.sentence,163032,163126,75
chapter.sentence,163127,163212,76
chapter.sentence,163213,163245,77
chapter.sentence,163246,163252,78
chapter.sentence,163253,163258,79
chapter.sentence,163259,163354,80
chapter.sentence,163355,163409,81
chapter.sentence,163410,163488,82
chapter.sentence,163489,163508,83
chapter.sentence,163509,163668,84
chapter.sentence,163669,163716,85
chapter.sentence,163717,163835,86
chapter.sentence,163836,163888,87
chapter.sentence,163889,163911,88
chapter.sentence,163912,163938,89
chapter.sentence,163939,163976,90
chapter.sentence,163977,163992,91
chapter.sentence,163993,164064,92
chapter.sentence,164065,164109,93
chapter.sentence,164110,164138,94
chapter.sentence,164139,164161,95
chapter.sentence,164162,164227,96
chapter.sentence,164228,164290,97
chapter.sentence,164291,164329,98
chapter.sentence,164330,164406,99
chapter.sentence,164407,164468,100
chapter.sentence,164469,164496,101
chapter.sentence,164497,164524,102
chapter.sentence,164525,164597,103
chapter.sentence,164598,164630,104
chapter.sentence,164631,164673,105
chapter.sentence,164674,164746,106
chapter.sentence,164747,164831,107
chapter.sentence,164832,164879,108
chapter.sentence,164880,164921,109
chapter.sentence,164922,165007,110
chapter.sentence,165008,165058,111
chapter.sentence,165059,165089,112
chapter.sentence,165090,165110,113
chapter.sentence,165111,165123,114
chapter.sentence,165124,165173,115
chapter.sentence,165174,165213,116
chapter.sentence,165214,165327,117
chapter.sentence,165328,165357,118
chapter.sentence,165358,165456,119
chapter.sentence,165457,165555,120
chapter.sentence,165556,165618,121
chapter.sentence,165619,165637,122
chapter.sentence,165638,165679,123
chapter.sentence,165680,165768,124
chapter.sentence,165769,165822,125
chapter.sentence,165823,165861,126
chapter.sentence,165862,165891,127
chapter.sentence,165892,165932,128
chapter.sentence,165933,165975,129
chapter.sentence,165976,166060,130
chapter.sentence,166061,166174,131
chapter.sentence,166175,166363,132
chapter.sentence,166364,166496,133
chapter.sentence,166497,166600,134
chapter.sentence,166601,166658,135
chapter.sentence,166659,166700,136
chapter.sentence,166701,166736,137
chapter.sentence,166737,166929,138
chapter.sentence,166930,166972,139
chapter.sentence,166973,166983,140
chapter.sentence,166984,167029,141
chapter.sentence,167030,167138,142
chapter.sentence,167139,167220,143
chapter.sentence,167221,167425,144
chapter.sentence,167426,167533,145
chapter.sentence,167534,167629,146
chapter.sentence,167630,167692,147
chapter.sentence,167693,167797,148
chapter.sentence,167798,167942,149
chapter.sentence,167943,168120,150
chapter.sentence,168121,168160,151
chapter.sentence,168161,168195,152
chapter.sentence,168196,168314,153
chapter.sentence,168315,168382,154
chapter.sentence,168383,168478,155
chapter.sentence,168479,168508,156
chapter.sentence,168509,168549,157
chapter.sentence,168550,168679,158
chapter.sentence,168680,168704,159
chapter.sentence,168705,168725,160
chapter.sentence,168726,168788,161
chapter.sentence,168789,168831,162
chapter.sentence,168832,168881,163
chapter.sentence,168882,168921,164
chapter.sentence,168922,169050,165
chapter.sentence,169051,169193,166
chapter.sentence,169194,169301,167
chapter.sentence,169302,169362,168
chapter.sentence,169363,169426,169
chapter.sentence,169427,169489,170
chapter.sentence,169490,169549,171
chapter.sentence,169550,169593,172
chapter.sentence,169594,169678,173
chapter.sentence,169679,169758,174
chapter.sentence,169759,169801,175
chapter.sentence,169802,169846,176
chapter.sentence,169847,169988,177
chapter.sentence,169989,170059,178
chapter.sentence,170060,170108,179
chapter.sentence,170109,170193,180
chapter.sentence,170194,170342,181
chapter.sentence,170343,170535,182
chapter.sentence,170536,170729,183
chapter.sentence,170730,170758,184
chapter.sentence,170759,170806,185
chapter.sentence,170807,170896,186
chapter.sentence,170897,170921,187
chapter.sentence,170922,170987,188
chapter.sentence,170988,171056,189
chapter.sentence,171057,171145,190
chapter.sentence,171146,171182,191
chapter.sentence,171183,171270,192
chapter.sentence,171271,171306,193
chapter.sentence,171307,171373,194
chapter.sentence,171374,171404,195
chapter.sentence,171405,171412,196
chapter.sentence,171413,171428,197
chapter.sentence,171429,171452,198
chapter.sentence,171453,171526,199
chapter.sentence,171527,171569,200
chapter.sentence,171570,171620,201
chapter.sentence,171621,171699,202
chapter.sentence,171700,171802,203
chapter.sentence,171803,171835,204
chapter.sentence,171836,171920,205
chapter.sentence,171921,172038,206
chapter.sentence,172039,172057,207
chapter.sentence,172058,172095,208
chapter.sentence,172096,172114,209
chapter.sentence,172115,172135,210
chapter.sentence,172136,172173,211
chapter.sentence,172174,172238,212
chapter.sentence,172239,172260,213
chapter.sentence,172261,172403,214
chapter.sentence,172404,172460,215
chapter.sentence,172461,172561,216
chapter.sentence,172562,172640,217
chapter.sentence,172641,172705,218
chapter.sentence,172706,172762,219
chapter.sentence,172763,172856,220
chapter.sentence,172857,172939,221
chapter.sentence,172940,173015,222
chapter.sentence,173016,173063,223
chapter.sentence,173064,173091,224
chapter.sentence,173092,173236,225
chapter.sentence,173237,173341,226
chapter.sentence,173342,173480,227
chapter.sentence,173481,173549,228
chapter.sentence,173550,173577,229
chapter.sentence,173578,173698,230
chapter.sentence,173699,173750,231
chapter.sentence,173751,173803,232
chapter.sentence,173804,173829,233
chapter.sentence,173830,173867,234
chapter.sentence,173868,173927,235
chapter.sentence,173928,174034,236
chapter.sentence,174035,174110,237
chapter.sentence,174111,174170,238
chapter.sentence,174217,174316,1
chapter.sentence,174317,174386,2
chapter.sentence,174387,174515,3
chapter.sentence,174516,174546,4
chapter.sentence,174547,174576,5
chapter.sentence,174577,174640,6
chapter.sentence,174641,174674,7
chapter.sentence,174675,174754,8
chapter.sentence,174755,174789,9
chapter.sentence,174790,174826,10
chapter.sentence,174827,174871,11
chapter.sentence,174872,174881,12
chapter.sentence,174882,174914,13
chapter.sentence,174915,174948,14
chapter.sentence,174949,174973,15
chapter.sentence,174974,175023,16
chapter.sentence,175024,175047,17
chapter.sentence,175048,175086,18
chapter.sentence,175087,175114,19
chapter.sentence,175115,175144,20
chapter.sentence,175145,175208,21
chapter.sentence,175209,175234,22
chapter.sentence,175235,175320,23
chapter.sentence,175321,175346,24
chapter.sentence,175347,175482,25
chapter.sentence,175483,175518,26
chapter.sentence,175519,175591,27
chapter.sentence,175592,175749,28
chapter.sentence,175750,175875,29
chapter.sentence,175876,175985,30
chapter.sentence,175986,176106,31
chapter.sentence,176107,176186,32
chapter.sentence,176187,176305,33
chapter.sentence,176306,176353,34
chapter.sentence,176354,176460,35
chapter.sentence,176461,176672,36
chapter.sentence,176673,176725,37
chapter.sentence,176726,176892,38
chapter.sentence,176893,176933,39
chapter.sentence,176934,176953,40
chapter.sentence,176954,176984,41
chapter.sentence,176985,177036,42
chapter.sentence,177037,177223,43
chapter.sentence,177224,177371,44
chapter.sentence,177372,177451,45
chapter.sentence,177452,177571,46
chapter.sentence,177572,177738,47
chapter.sentence,177739,177808,48
chapter.sentence,177809,178002,49
chapter.sentence,178003,178054,50
chapter.sentence,178055,178119,51
chapter.sentence,178120,178238,52
chapter.sentence,178239,178376,53
chapter.sentence,178377,178457,54
chapter.sentence,178458,178548,55
chapter.sentence,178549,178626,56
chapter.sentence,178627,178724,57
chapter.sentence,178725,178807,58
chapter.sentence,178808,178883,59
chapter.sentence,178884,179027,60
chapter.sentence,179028,179216,61
chapter.sentence,179217,179245,62
chapter.sentence,179246,179291,63
chapter.sentence,179292,179360,64
chapter.sentence,179361,179390,65
chapter.sentence,179391,179443,66
chapter.sentence,179444,179524,67
chapter.sentence,179525,179534,68
chapter.sentence,179535,179587,69
chapter.sentence,179588,179609,70
chapter.sentence,179610,179626,71
chapter.sentence,179627,179832,72
chapter.sentence,179833,179943,73
chapter.sentence,179944,180006,74
chapter.sentence,180007,180029,75
chapter.sentence,180030,180138,76
chapter.sentence,180139,180180,77
chapter.sentence,180181,180209,78
chapter.sentence,180210,180215,79
chapter.sentence,180216,180249,80
chapter.sentence,180250,180302,81
chapter.sentence,180303,180337,82
chapter.sentence,180338,180429,83
chapter.sentence,180430,180675,84
chapter.sentence,180676,180707,85
chapter.sentence,180708,180779,86
chapter.sentence,180780,180877,87
chapter.sentence,180878,181059,88
chapter.sentence,181060,181157,89
chapter.sentence,181158,181189,90
chapter.sentence,181190,181296,91
chapter.sentence,181297,181428,92
chapter.sentence,181429,181481,93
chapter.sentence,181482,181571,94
chapter.sentence,181572,181595,95
chapter.sentence,181596,181626,96
chapter.sentence,181627,181743,97
chapter.sentence,181744,181768,98
chapter.sentence,181769,181784,99
chapter.sentence,181785,181830,100
chapter.sentence,181831,181872,101
chapter.sentence,181873,181941,102
chapter.sentence,181942,181969,103
chapter.sentence,181970,181993,104
chapter.sentence,181994,182059,105
chapter.sentence,182060,182119,106
chapter.sentence,182120,182389,107
chapter.sentence,182390,182432,108
chapter.sentence,182433,182497,109
chapter.sentence,182498,182674,110
chapter.sentence,182675,182794,111
chapter.sentence,182795,182848,112
chapter.sentence,182849,182894,113
chapter.sentence,182895,182920,114
chapter.sentence,182921,182994,115
chapter.sentence,182995,183077,116
chapter.sentence,183078,183127,117
chapter.sentence,183128,183179,118
chapter.sentence,183180,183425,119
chapter.sentence,183426,183484,120
chapter.sentence,183485,183626,121
chapter.sentence,183627,183707,122
chapter.sentence,183708,183751,123
chapter.sentence,183752,183846,124
chapter.sentence,183847,183908,125
chapter.sentence,183909,183997,126
chapter.sentence,183998,184175,127
chapter.sentence,184176,184235,128
chapter.sentence,184236,184266,129
chapter.sentence,184267,184309,130
chapter.sentence,184310,184382,131
chapter.sentence,184383,184491,132
chapter.sentence,184492,184519,133
chapter.sentence,184520,184552,134
chapter.sentence,184553,184574,135
chapter.sentence,184575,184623,136
chapter.sentence,184624,184659,137
chapter.sentence,184660,184717,138
chapter.sentence,184718,184792,139
chapter.sentence,184793,184860,140
chapter.sentence,184861,184990,141
chapter.sentence,184991,185096,142
chapter.sentence,185097,185229,143
chapter.sentence,185230,185261,144
chapter.sentence,185262,185277,145
chapter.sentence,185278,185291,146
chapter.sentence,185292,185306,147
chapter.sentence,185307,185457,148
chapter.sentence,185458,185484,149
chapter.sentence,185485,185502,150
chapter.sentence,185503,185532,151
chapter.sentence,185533,185570,152
chapter.sentence,185571,185612,153
chapter.sentence,185613,185671,154
chapter.sentence,185672,185751,155
chapter.sentence,185752,185820,156
chapter.sentence,185821,185923,157
chapter.sentence,185924,185962,158
chapter.sentence,185963,185989,159
chapter.sentence,185990,186016,160
chapter.sentence,186017,186161,161
chapter.sentence,186162,186170,162
chapter.sentence,186171,186200,163
chapter.sentence,186201,186403,164
chapter.sentence,186404,186454,165
chapter.sentence,186455,186502,166
chapter.sentence,186503,186531,167
chapter.sentence,186532,186549,168
chapter.sentence,186550,186584,169
chapter.sentence,186585,186654,170
chapter.sentence,186655,186690,171
chapter.sentence,186691,186781,172
chapter.sentence,186782,186821,173
chapter.sentence,186822,186921,174
chapter.sentence,186922,186957,175
chapter.sentence,186958,186993,176
chapter.sentence,186994,187040,177
chapter.sentence,187041,187128,178
chapter.sentence,187129,187195,179
chapter.sentence,187196,187242,180
chapter.sentence,187243,187274,181
chapter.sentence,187275,187319,182
chapter.sentence,187320,187345,183
chapter.sentence,187346,187454,184
chapter.sentence,187455,187461,185
chapter.sentence,187462,187521,186
chapter.sentence,187522,187591,187
chapter.sentence,187592,187707,188
chapter.sentence,187708,187754,189
chapter.sentence,187755,187775,190
chapter.sentence,187776,187869,191
chapter.sentence,187870,187885,192
chapter.sentence,187886,187902,193
chapter.sentence,187903,187920,194
chapter.sentence,187921,187946,195
chapter.sentence,187947,188011,196
chapter.sentence,188012,188018,197
chapter.sentence,188019,188110,198
chapter.sentence,188111,188165,199
chapter.sentence,188166,188186,200
chapter.sentence,188187,188263,201
chapter.sentence,188264,188315,202
chapter.sentence,188316,188403,203
chapter.sentence,188404,188522,204
chapter.sentence,188523,188596,205
chapter.sentence,188597,188695,206
chapter.sentence,188696,188777,207
chapter.sentence,188778,188800,208
chapter.sentence,188801,188892,209
chapter.sentence,188893,188987,210
chapter.sentence,188988,189017,211
chapter.sentence,189018,189087,212
chapter.sentence,189088,189125,213
chapter.sentence,189126,189150,214
chapter.sentence,189151,189176,215
chapter.sentence,189177,189216,216
chapter.sentence,189217,189246,217
chapter.sentence,189247,189306,218
chapter.sentence,189307,189327,219
chapter.sentence,189328,189348,220
chapter.sentence,189349,189397,221
chapter.sentence,189398,189416,222
chapter.sentence,189417,189544,223
chapter.sentence,189545,189631,224
chapter.sentence,189632,189697,225
chapter.sentence,189698,189763,226
chapter.sentence,189764,189818,227
chapter.sentence,189819,189924,228
chapter.sentence,189925,189984,229
chapter.sentence,189985,190055,230
chapter.sentence,190056,190099,231
chapter.sentence,190100,190150,232
chapter.sentence,190151,190169,233
chapter.sentence,190170,190238,234
chapter.sentence,190239,190380,235
chapter.sentence,190381,190505,236
chapter.sentence,190506,190601,237
chapter.sentence,190602,190718,238
chapter.sentence,190719,190801,239
chapter.sentence,190848,190971,1
chapter.sentence,190972,191031,2
chapter.sentence,191032,191088,3
chapter.sentence,191089,191166,4
chapter.sentence,191167,191279,5
chapter.sentence,191280,191336,6
chapter.sentence,191337,191424,7
chapter.sentence,191425,191469,8
chapter.sentence,191470,191555,9
chapter.sentence,191556,191604,10
chapter.sentence,191605,191729,11
chapter.sentence,191730,191763,12
chapter.sentence,191764,191948,13
chapter.sentence,191949,192101,14
chapter.sentence,192102,192180,15
chapter.sentence,192181,192359,16
chapter.sentence,192360,192497,17
chapter.sentence,192498,192590,18
chapter.sentence,192591,192614,19
chapter.sentence,192615,192697,20
chapter.sentence,192698,192910,21
chapter.sentence,192911,192944,22
chapter.sentence,192945,193108,23
chapter.sentence,193109,193377,24
chapter.sentence,193378,193522,25
chapter.sentence,193523,193707,26
chapter.sentence,193708,193745,27
chapter.sentence,193746,193916,28
chapter.sentence,193917,193987,29
chapter.sentence,193988,194063,30
chapter.sentence,194064,194344,31
chapter.sentence,194345,194385,32
chapter.sentence,194386,194560,33
chapter.sentence,194561,194627,34
chapter.sentence,194628,194673,35
chapter.sentence,194674,194829,36
chapter.sentence,194830,195085,37
chapter.sentence,195086,195306,38
chapter.sentence,195307,195454,39
chapter.sentence,195455,195584,40
chapter.sentence,195585,195633,41
chapter.sentence,195634,195672,42
chapter.sentence,195673,195713,43
chapter.sentence,195714,195771,44
chapter.sentence,195772,195993,45
chapter.sentence,195994,196089,46
chapter.sentence,196090,196247,47
chapter.sentence,196248,196374,48
chapter.sentence,196375,196461,49
chapter.sentence,196462,196540,50
chapter.sentence,196541,196687,51
chapter.sentence,196688,196726,52
chapter.sentence,196727,196828,53
chapter.sentence,196829,197016,54
chapter.sentence,197017,197122,55
chapter.sentence,197123,197208,56
chapter.sentence,197209,197226,57
chapter.sentence,197227,197333,58
chapter.sentence,197334,197598,59
chapter.sentence,197599,197736,60
chapter.sentence,197737,197890,61
chapter.sentence,197891,197963,62
chapter.sentence,197964,198057,63
chapter.sentence,198058,198372,64
chapter.sentence,198373,198476,65
chapter.sentence,198477,198524,66
chapter.sentence,198525,198558,67
chapter.sentence,198559,198874,68
chapter.sentence,198875,198913,69
chapter.sentence,198914,199263,70
chapter.sentence,199264,199374,71
chapter.sentence,199375,199509,72
chapter.sentence,199510,199572,73
chapter.sentence,199573,199590,74
chapter.sentence,199591,199775,75
chapter.sentence,199776,199803,76
chapter.sentence,199804,199817,77
chapter.sentence,199818,199843,78
chapter.sentence,199844,199859,79
chapter.sentence,199860,199975,80
chapter.sentence,199976,200008,81
chapter.sentence,200009,200024,82
chapter.sentence,200025,200074,83
chapter.sentence,200075,200177,84
chapter.sentence,200178,200205,85
chapter.sentence,200206,200266,86
chapter.sentence,200267,200436,87
chapter.sentence,200437,200537,88
chapter.sentence,200538,200576,89
chapter.sentence,200577,200706,90
chapter.sentence,200707,200793,91
chapter.sentence,200794,200801,92
chapter.sentence,200802,200900,93
chapter.sentence,200901,201047,94
chapter.sentence,201048,201080,95
chapter.sentence,201081,201133,96
chapter.sentence,201134,201182,97
chapter.sentence,201183,201267,98
chapter.sentence,201268,201318,99
chapter.sentence,201319,201443,100
chapter.sentence,201444,201476,101
chapter.sentence,201477,201500,102
chapter.sentence,201501,201534,103
chapter.sentence,201535,201562,104
chapter.sentence,201563,201624,105
chapter.sentence,201625,201690,106
chapter.sentence,201691,201713,107
chapter.sentence,201714,201858,108
chapter.sentence,201859,201903,109
chapter.sentence,201904,201930,110
chapter.sentence,201931,202013,111
chapter.sentence,202014,202043,112
chapter.sentence,202044,202063,113
chapter.sentence,202064,202116,114
chapter.sentence,202117,202214,115
chapter.sentence,202215,202314,116
chapter.sentence,202315,202324,117
chapter.sentence,202325,202353,118
chapter.sentence,202354,202367,119
chapter.sentence,202368,202445,120
chapter.sentence,202446,202472,121
chapter.sentence,202473,202517,122
chapter.sentence,202518,202549,123
chapter.sentence,202550,202662,124
chapter.sentence,202663,202742,125
chapter.sentence,202743,202779,126
chapter.sentence,202780,202845,127
chapter.sentence,202846,202967,128
chapter.sentence,202968,203029,129
chapter.sentence,203030,203061,130
chapter.sentence,203062,203150,131
chapter.sentence,203151,203215,132
chapter.sentence,203216,203325,133
chapter.sentence,203326,203375,134
chapter.sentence,203376,203488,135
chapter.sentence,203489,203561,136
chapter.sentence,203562,203712,137
chapter.sentence,203713,203764,138
chapter.sentence,203765,203811,139
chapter.sentence,203812,203822,140
chapter.sentence,203823,203839,141
chapter.sentence,203840,203935,142
chapter.sentence,203936,203981,143
chapter.sentence,203982,204024,144
chapter.sentence,204025,204041,145
chapter.sentence,204042,204048,146
chapter.sentence,204049,204112,147
chapter.sentence,204113,204142,148
chapter.sentence,204143,204192,149
chapter.sentence,204193,204231,150
chapter.sentence,204232,204297,151
chapter.sentence,204298,204363,152
chapter.sentence,204364,204407,153
chapter.sentence,204408,204429,154
chapter.sentence,204430,204608,155
chapter.sentence,204609,204648,156
chapter.sentence,204649,204717,157
chapter.sentence,204718,204827,158
chapter.sentence,204828,204887,159
chapter.sentence,204888,204963,160
chapter.sentence,204964,205138,161
chapter.sentence,205139,205281,162
chapter.sentence,205282,205316,163
chapter.sentence,205317,205358,164
chapter.sentence,205359,205451,165
chapter.sentence,205452,205550,166
chapter.sentence,205551,205609,167
chapter.sentence,205610,205654,168
chapter.sentence,205655,205705,169
chapter.sentence,205706,205938,170
chapter.sentence,205939,206038,171
chapter.sentence,206039,206194,172
chapter.sentence,206195,206242,173
chapter.sentence,206243,206298,174
chapter.sentence,206299,206403,175
chapter.sentence,206404,206448,176
chapter.sentence,206449,206515,177
chapter.sentence,206516,206665,178
chapter.sentence,206666,206777,179
chapter.sentence,206778,206838,180
chapter.sentence,206839,206885,181
chapter.sentence,206886,206957,182
chapter.sentence,206958,206989,183
chapter.sentence,206990,207048,184
chapter.sentence,207049,207075,185
chapter.sentence,207076,207125,186
chapter.sentence,207126,207173,187
chapter.sentence,207174,207221,188
chapter.sentence,207222,207393,189
chapter.sentence,207394,207426,190
chapter.sentence,207427,207494,191
chapter.sentence,207495,207530,192
chapter.sentence,207531,207610,193
chapter.sentence,207611,207719,194
chapter.sentence,207720,207752,195
chapter.sentence,207753,207766,196
chapter.sentence,207767,207804,197
chapter.sentence,207805,207839,198
chapter.sentence,207840,208025,199
chapter.sentence,208026,208047,200
chapter.sentence,208048,208168,201
chapter.sentence,208169,208187,202
chapter.sentence,208188,208311,203
chapter.sentence,208312,208394,204
chapter.sentence,208395,208463,205
chapter.sentence,208464,208652,206
chapter.sentence,208653,208839,207
chapter.sentence,208840,208928,208
chapter.sentence,208929,209013,209
chapter.sentence,209014,209032,210
chapter.sentence,209033,209108,211
chapter.sentence,209109,209119,212
chapter.sentence,209120,209206,213
chapter.sentence,209207,209419,214
chapter.sentence,209420,209533,215
chapter.sentence,209534,209643,216
chapter.sentence,209644,209678,217
chapter.sentence,209679,209722,218
chapter.sentence,209723,209760,219
chapter.sentence,209761,209795,220
chapter.sentence,209796,209862,221
chapter.sentence,209863,210005,222
chapter.sentence,210006,210080,223
chapter.sentence,210081,210166,224
chapter.sentence,210167,210308,225
chapter.sentence,210309,210376,226
chapter.sentence,210377,210395,227
chapter.sentence,210396,210500,228
chapter.sentence,210501,210647,229
chapter.sentence,210648,210829,230
chapter.sentence,210830,210977,231
chapter.sentence,210978,211085,232
chapter.sentence,211086,211190,233
chapter.sentence,211191,211331,234
chapter.sentence,211332,211417,235
chapter.sentence,211418,211435,236
chapter.sentence,211436,211476,237
chapter.sentence,211477,211494,238
chapter.sentence,211495,211554,239
chapter.sentence,211555,211605,240
chapter.sentence,211606,211756,241
chapter.sentence,211757,211888,242
chapter.sentence,211889,211914,243
chapter.sentence,211915,211947,244
chapter.sentence,211948,212093,245
chapter.sentence,212094,212202,246
chapter.sentence,212203,212235,247
chapter.sentence,212236,212266,248
chapter.sentence,212267,212380,249
chapter.sentence,212381,212438,250
chapter.sentence,212439,212503,251
chapter.sentence,212504,212592,252
chapter.sentence,212593,212649,253
chapter.sentence,212650,212717,254
chapter.sentence,212718,212765,255
chapter.sentence,212766,212784,256
chapter.sentence,212785,212816,257
chapter.sentence,212817,212882,258
chapter.sentence,212883,212964,259
chapter.sentence,212965,213020,260
chapter.sentence,213021,213081,261
chapter.sentence,213082,213148,262
chapter.sentence,213149,213257,263
chapter.sentence,213258,213281,264
chapter.sentence,213282,213443,265
chapter.sentence,213444,213547,266
chapter.sentence,213548,213574,267
chapter.sentence,213575,213635,268
chapter.sentence,213636,213736,269
chapter.sentence,213737,213867,270
chapter.sentence,213868,213932,271
chapter.sentence,213933,214016,272
chapter.sentence,214017,214063,273
chapter.sentence,214064,214072,274
chapter.sentence,214073,214081,275
chapter.sentence,214082,214086,276
chapter.sentence,214087,214089,277
chapter.sentence,214090,214105,278
chapter.sentence,214106,214157,279
chapter.sentence,214158,214213,280
chapter.sentence,214214,214324,281
chapter.sentence,214325,214373,282
chapter.sentence,214374,214507,283
chapter.sentence,214508,214599,284
chapter.sentence,214600,214623,285
chapter.sentence,214624,214734,286
chapter.sentence,214735,214829,287
chapter.sentence,214830,214898,288
chapter.sentence,214899,214951,289
chapter.sentence,214952,215005,290
chapter.sentence,215006,215065,291
chapter.sentence,215066,215112,292
chapter.sentence,215113,215142,293
chapter.sentence,215143,215159,294
chapter.sentence,215160,215176,295
chapter.sentence,215177,215251,296
chapter.sentence,215252,215372,297
chapter.sentence,215373,215443,298
chapter.sentence,215444,215506,299
chapter.sentence,215507,215634,300
chapter.sentence,215635,215693,301
chapter.sentence,215694,215822,302
chapter.sentence,215823,216072,303
chapter.sentence,216073,216267,304
chapter.sentence,216268,216322,305
chapter.sentence,216323,216448,306
chapter.sentence,216449,216517,307
chapter.sentence,216518,216650,308
chapter.sentence,216651,216749,309
chapter.sentence,216750,216878,310
chapter.sentence,216879,216954,311
chapter.sentence,216955,217063,312
chapter.sentence,217064,217114,313
chapter.sentence,217115,217168,314
chapter.sentence,217169,217198,315
chapter.sentence,217199,217272,316
chapter.sentence,217273,217288,317
chapter.sentence,217289,217307,318
chapter.sentence,217308,217314,319
chapter.sentence,217315,217340,320
chapter.sentence,217341,217347,321
chapter.sentence,217348,217405,322
chapter.sentence,217406,217428,323
chapter.sentence,217429,217495,324
chapter.sentence,217496,217542,325
chapter.sentence,217543,217576,326
chapter.sentence,217577,217589,327
chapter.sentence,217590,217628,328
chapter.sentence,217629,217653,329
chapter.sentence,217654,217789,330
chapter.sentence,217790,217884,331
chapter.sentence,217885,217908,332
chapter.sentence,217909,218031,333
chapter.sentence,218032,218041,334
chapter.sentence,218042,218204,335
chapter.sentence,218205,218360,336
chapter.sentence,218361,218468,337
chapter.sentence,218469,218554,338
chapter.sentence,218555,218684,339
chapter.sentence,218685,218737,340
chapter.sentence,218738,218787,341
chapter.sentence,218788,218841,342
chapter.sentence,218842,218909,343
chapter.sentence,218910,218927,344
chapter.sentence,218928,219041,345
chapter.sentence,219042,219083,346
chapter.sentence,219084,219128,347
chapter.sentence,219129,219268,348
chapter.sentence,219269,219355,349
chapter.sentence,219356,219436,350
chapter.sentence,219437,219490,351
chapter.sentence,219491,219576,352
chapter.sentence,219577,219632,353
chapter.sentence,219633,219680,354
chapter.sentence,219681,219720,355
chapter.sentence,219721,219751,356
chapter.sentence,219752,219786,357
chapter.sentence,219787,219834,358
chapter.sentence,219835,219927,359
chapter.sentence,219928,220017,360
chapter.sentence,220018,220048,361
chapter.sentence,220049,220066,362
chapter.sentence,220067,220141,363
chapter.sentence,220142,220244,364
chapter.sentence,220245,220279,365
chapter.sentence,220280,220314,366
chapter.sentence,220315,220364,367
chapter.sentence,220365,220371,368
chapter.sentence,220372,220393,369
chapter.sentence,220394,220404,370
chapter.sentence,220405,220432,371
chapter.sentence,220433,220515,372
chapter.sentence,220516,220559,373
chapter.sentence,220560,220620,374
chapter.sentence,220621,220780,375
chapter.sentence,220781,220830,376
chapter.sentence,220831,221012,377
chapter.sentence,221013,221080,378
chapter.sentence,221081,221273,379
chapter.sentence,221274,221398,380
chapter.sentence,221399,221453,381
chapter.sentence,221454,221551,382
chapter.sentence,221552,221643,383
chapter.sentence,221644,221680,384
chapter.sentence,221681,221727,385
chapter.sentence,221728,221781,386
chapter.sentence,221782,221925,387
chapter.sentence,221926,222132,388
chapter.sentence,222133,222238,389
chapter.sentence,222239,222261,390
chapter.sentence,222262,222298,391
chapter.sentence,222299,222369,392
chapter.sentence,222370,222392,393
chapter.sentence,222393,222449,394
chapter.sentence,222450,222513,395
chapter.sentence,222514,222540,396
chapter.sentence,222541,222600,397
chapter.sentence,222601,222635,398
chapter.sentence,222636,222663,399
chapter.sentence,222664,222709,400
chapter.sentence,222710,222770,401
chapter.sentence,222771,222939,402
chapter.sentence,222940,223051,403
chapter.sentence,223052,223122,404
chapter.sentence,223123,223189,405
chapter.sentence,223190,223296,406
chapter.sentence,223297,223369,407
chapter.sentence,223370,223597,408
chapter.sentence,223598,223706,409
chapter.sentence,223707,223728,410
chapter.sentence,223729,223772,411
chapter.sentence,223773,223993,412
chapter.sentence,223994,224059,413
chapter.sentence,224060,224088,414
chapter.sentence,224089,224124,415
chapter.sentence,224125,224149,416
chapter.sentence,224150,224179,417
chapter.sentence,224180,224241,418
chapter.sentence,224242,224281,419
chapter.sentence,224282,224372,420
chapter.sentence,224373,224564,421
chapter.sentence,224565,224618,422
chapter.sentence,224619,224686,423
chapter.sentence,224687,224793,424
chapter.sentence,224794,224849,425
chapter.sentence,224850,224871,426
chapter.sentence,224872,225007,427
chapter.sentence,225008,225068,428
chapter.sentence,225069,225134,429
chapter.sentence,225135,225155,430
chapter.sentence,225156,225232,431
chapter.sentence,225233,225397,432
chapter.sentence,225398,225435,433
chapter.sentence,225436,225502,434
chapter.sentence,225503,225547,435
chapter.sentence,225548,225587,436
chapter.sentence,225588,225609,437
chapter.sentence,225610,225801,438
chapter.sentence,225802,225983,439
chapter.sentence,225984,226045,440
chapter.sentence,226046,226070,441
chapter.sentence,226071,226153,442
chapter.sentence,226154,226248,443
chapter.sentence,226249,226300,444
chapter.sentence,226301,226395,445
chapter.sentence,226396,226448,446
chapter.sentence,226449,226491,447
chapter.sentence,226492,226545,448
chapter.sentence,226546,226578,449
chapter.sentence,226579,226646,450
chapter.sentence,226647,226656,451
chapter.sentence,226657,226708,452
chapter.sentence,226709,226734,453
chapter.sentence,226735,226758,454
chapter.sentence,226759,226854,455
chapter.sentence,226855,226924,456
chapter.sentence,226925,227059,457
chapter.sentence,227060,227163,458
chapter.sentence,227164,227201,459
chapter.sentence,227202,227222,460
chapter.sentence,227223,227236,461
chapter.sentence,227237,227281,462
chapter.sentence,227282,227298,463
chapter.sentence,227299,227317,464
chapter.sentence,227318,227474,465
chapter.sentence,227475,227481,466
chapter.sentence,227482,227497,467
chapter.sentence,227498,227521,468
chapter.sentence,227522,227567,469
chapter.sentence,227568,227615,470
chapter.sentence,227616,227667,471
chapter.sentence,227668,228095,472
chapter.sentence,228096,228122,473
chapter.sentence,228123,228188,474
chapter.sentence,228189,228254,475
chapter.sentence,228255,228326,476
chapter.sentence,228327,228398,477
chapter.sentence,228399,228451,478
chapter.sentence,228452,228463,479
chapter.sentence,228464,228497,480
chapter.sentence,228498,228514,481
chapter.sentence,228515,228539,482
chapter.sentence,228540,228624,483
chapter.sentence,228625,228644,484
chapter.sentence,228645,228673,485
chapter.sentence,228674,228819,486
chapter.sentence,228820,228826,487
chapter.sentence,228827,228872,488
chapter.sentence,228873,228951,489
chapter.sentence,228952,229072,490
chapter.sentence,229073,229120,491
chapter.sentence,229121,229139,492
chapter.sentence,229140,229189,493
chapter.sentence,229190,229255,494
chapter.sentence,229256,229296,495
chapter.sentence,229297,229316,496
chapter.sentence,229317,229354,497
chapter.sentence,229355,229524,498
chapter.sentence,229525,229539,499
chapter.sentence,229540,229595,500
chapter.sentence,229596,229654,501
chapter.sentence,229655,229752,502
chapter.sentence,229753,229913,503
chapter.sentence,229914,230016,504
chapter.sentence,230017,230028,505
chapter.sentence,230029,230109,506
chapter.sentence,230110,230180,507
chapter.sentence,230181,230200,508
chapter.sentence,230201,230342,509
chapter.sentence,230343,230542,510
chapter.sentence,230543,230614,511
chapter.sentence,230615,230665,512
chapter.sentence,230666,230726,513
chapter.sentence,230727,230781,514
chapter.sentence,230782,230851,515
chapter.sentence,230852,230927,516
chapter.sentence,230928,230985,517
chapter.sentence,230986,231130,518
chapter.sentence,231131,231140,519
chapter.sentence,231141,231182,520
chapter.sentence,231183,231232,521
chapter.sentence,231233,231306,522
chapter.sentence,231307,231340,523
chapter.sentence,231341,231394,524
chapter.sentence,231395,231505,525
chapter.sentence,231506,231684,526
chapter.sentence,231685,231774,527
chapter.sentence,231775,231824,528
chapter.sentence,231825,231858,529
chapter.sentence,231859,231973,530
chapter.sentence,231974,232058,531
chapter.sentence,232059,232163,532
chapter.sentence,232164,232313,533
chapter.sentence,232314,232472,534
chapter.sentence,232473,232513,535
chapter.sentence,232514,232614,536
chapter.sentence,232615,232718,537
chapter.sentence,232719,232870,538
chapter.sentence,232871,232908,539
chapter.sentence,232909,232959,540
chapter.sentence,232960,233221,541
chapter.sentence,233222,233545,542
chapter.sentence,233546,233703,543
chapter.sentence,233704,233835,544
chapter.sentence,233836,233941,545
chapter.sentence,233942,233976,546
chapter.sentence,233977,234129,547
chapter.sentence,234130,234357,548
chapter.sentence,234358,234486,549
chapter.sentence,234487,234578,550
chapter.sentence,234579,234704,551
chapter.sentence,234705,234715,552
chapter.sentence,234716,234737,553
chapter.sentence,234738,234786,554
chapter.sentence,234787,234803,555
chapter.sentence,234804,234828,556
chapter.sentence,234829,234897,557
chapter.sentence,234898,235062,558
chapter.sentence,235063,235093,559
chapter.sentence,235094,235190,560
chapter.sentence,235191,235448,561
chapter.sentence,235449,235618,562
chapter.sentence,235619,235672,563
chapter.sentence,235673,235738,564
chapter.sentence,235739,235790,565
chapter.sentence,235791,235811,566
chapter.sentence,235812,235897,567
chapter.sentence,235898,235938,568
chapter.sentence,235939,235962,569
chapter.sentence,235963,236060,570
chapter.sentence,236061,236086,571
chapter.sentence,236087,236210,572
chapter.sentence,236211,236308,573
chapter.sentence,236309,236561,574
chapter.sentence,236562,236669,575
chapter.sentence,236670,236796,576
chapter.sentence,236797,236820,577
chapter.sentence,236821,236847,578
chapter.sentence,236848,236960,579
chapter.sentence,236961,237121,580
chapter.sentence,237122,237215,581
chapter.sentence,237216,237270,582
chapter.sentence,237271,237302,583
chapter.sentence,237303,237345,584
chapter.sentence,237346,237390,585
chapter.sentence,237391,237397,586
chapter.sentence,237398,237568,587
chapter.sentence,237569,237622,588
chapter.sentence,237623,237732,589
chapter.sentence,237733,237815,590
chapter.sentence,237816,237843,591
chapter.sentence,237844,237853,592
chapter.sentence,237854,237925,593
chapter.sentence,237926,237971,594
chapter.sentence,237972,238070,595
chapter.sentence,238071,238090,596
chapter.sentence,238091,238112,597
chapter.sentence,238113,238137,598
chapter.sentence,238138,238242,599
chapter.sentence,238243,238345,600
chapter.sentence,238346,238373,601
chapter.sentence,238374,238517,602
chapter.sentence,238518,238619,603
chapter.sentence,238620,238766,604
chapter.sentence,238767,238809,605
chapter.sentence,238810,238825,606
chapter.sentence,238826,238884,607
chapter.sentence,238885,238938,608
chapter.sentence,238939,238979,609
chapter.sentence,238980,239048,610
chapter.sentence,239049,239082,611
chapter.sentence,239083,239159,612
chapter.sentence,239160,239240,613
chapter.sentence,239241,239378,614
chapter.sentence,239379,239508,615
chapter.sentence,239509,239740,616
chapter.sentence,239741,239863,617
chapter.sentence,239864,239943,618
chapter.sentence,239944,240056,619
chapter.sentence,240057,240126,620
chapter.sentence,240127,240297,621
chapter.sentence,240298,240328,622
chapter.sentence,240329,240380,623
chapter.sentence,240381,240421,624
chapter.sentence,240422,240455,625
chapter.sentence,240456,240511,626
chapter.sentence,240512,240644,627
chapter.sentence,240645,240822,628
chapter.sentence,240823,240833,629
chapter.sentence,240834,240842,630
chapter.sentence,240843,240867,631
chapter.sentence,240868,240974,632
chapter.sentence,240975,241009,633
chapter.sentence,241010,241086,634
chapter.sentence,241087,241129,635
chapter.sentence,241130,241181,636
chapter.sentence,241182,241302,637
chapter.sentence,241303,241371,638
chapter.sentence,241372,241422,639
chapter.sentence,241423,241460,640
chapter.sentence,241461,241467,641
chapter.sentence,241468,241650,642
chapter.sentence,241651,241739,643
chapter.sentence,241740,241801,644
chapter.sentence,241802,241844,645
chapter.sentence,241845,241917,646
chapter.sentence,241918,241982,647
chapter.sentence,241983,242037,648
chapter.sentence,242038,242245,649
chapter.sentence,242246,242267,650
chapter.sentence,242268,242274,651
chapter.sentence,242275,242344,652
chapter.sentence,242345,242431,653
chapter.sentence,242432,242497,654
chapter.sentence,242498,242592,655
chapter.sentence,242593,242895,656
chapter.sentence,242896,242938,657
chapter.sentence,242939,243008,658
chapter.sentence,243009,243040,659
chapter.sentence,243041,243086,660
chapter.sentence,243087,243172,661
chapter.sentence,243173,243179,662
chapter.sentence,243180,243240,663
chapter.sentence,243241,243271,664
chapter.sentence,243272,243281,665
chapter.sentence,243282,243308,666
chapter.sentence,243309,243331,667
chapter.sentence,243332,243489,668
chapter.sentence,243490,243551,669
chapter.sentence,243552,243599,670
chapter.sentence,243600,243640,671
chapter.sentence,243641,243654,672
chapter.sentence,243655,243664,673
chapter.sentence,243665,243683,674
chapter.sentence,243684,243784,675
chapter.sentence,243785,243907,676
chapter.sentence,243908,243961,677
chapter.sentence,243962,243978,678
chapter.sentence,243979,244208,679
chapter.sentence,244209,244262,680
chapter.sentence,244263,244272,681
chapter.sentence,244273,244423,682
chapter.sentence,244424,244446,683
chapter.sentence,244447,244490,684
chapter.sentence,244491,244519,685
chapter.sentence,244520,244576,686
chapter.sentence,244577,244640,687
chapter.sentence,244641,244690,688
chapter.sentence,244691,244907,689
chapter.sentence,244908,244961,690
chapter.sentence,244962,245035,691
chapter.sentence,245036,245078,692
chapter.sentence,245079,245179,693
chapter.sentence,245180,245215,694
chapter.sentence,245216,245310,695
chapter.sentence,245311,245382,696
chapter.sentence,245383,245445,697
chapter.sentence,245446,245482,698
chapter.sentence,245483,245519,699
chapter.sentence,245520,245742,700
chapter.sentence,245743,245792,701
chapter.sentence,245793,245818,702
chapter.sentence,245819,245845,703
chapter.sentence,245846,245930,704
chapter.sentence,245931,245952,705
chapter.sentence,245953,246058,706
chapter.sentence,246059,246085,707
chapter.sentence,246086,246197,708
chapter.sentence,246198,246255,709
chapter.sentence,246256,246288,710
chapter.sentence,246289,246357,711
chapter.sentence,246358,246477,712
chapter.sentence,246478,246527,713
chapter.sentence,246528,246554,714
chapter.sentence,246555,246617,715
chapter.sentence,246618,246734,716
chapter.sentence,246735,246826,717
chapter.sentence,246827,246855,718
chapter.sentence,246856,246891,719
chapter.sentence,246892,246928,720
chapter.sentence,246929,246986,721
chapter.sentence,246987,247038,722
chapter.sentence,247039,247090,723
chapter.sentence,247091,247140,724
chapter.sentence,247141,247155,725
chapter.sentence,247156,247212,726
chapter.sentence,247248,247318,1
chapter.sentence,247319,247371,2
chapter.sentence,247372,247448,3
chapter.sentence,247449,247642,4
chapter.sentence,247643,247689,5
chapter.sentence,247690,247721,6
chapter.sentence,247722,247816,7
chapter.sentence,247817,247921,8
chapter.sentence,247922,248022,9
chapter.sentence,248023,248188,10
chapter.sentence,248189,248343,11
chapter.sentence,248344,248373,12
chapter.sentence,248374,248582,13
chapter.sentence,248583,248797,14
chapter.sentence,248798,248904,15
chapter.sentence,248905,248947,16
chapter.sentence,248948,249115,17
chapter.sentence,249116,249203,18
chapter.sentence,249204,249472,19
chapter.sentence,249473,249635,20
chapter.sentence,249636,249722,21
chapter.sentence,249723,249798,22
chapter.sentence,249799,249857,23
chapter.sentence,249858,249973,24
chapter.sentence,249974,250020,25
chapter.sentence,250021,250058,26
chapter.sentence,250059,250162,27
chapter.sentence,250163,250209,28
chapter.sentence,250210,250332,29
chapter.sentence,250333,250501,30
chapter.sentence,250502,250612,31
chapter.sentence,250613,250679,32
chapter.sentence,250680,250698,33
chapter.sentence,250699,250771,34
chapter.sentence,250772,250816,35
chapter.sentence,250817,250882,36
chapter.sentence,250883,251008,37
chapter.sentence,251009,251162,38
chapter.sentence,251163,251193,39
chapter.sentence,251194,251416,40
chapter.sentence,251417,251470,41
chapter.sentence,251471,251542,42
chapter.sentence,251543,251597,43
chapter.sentence,251598,251685,44
chapter.sentence,251686,251764,45
chapter.sentence,251765,251819,46
chapter.sentence,251820,251834,47
chapter.sentence,251835,251856,48
chapter.sentence,251857,251992,49
chapter.sentence,251993,252213,50
chapter.sentence,252214,252279,51
chapter.sentence,252280,252387,52
chapter.sentence,252388,252493,53
chapter.sentence,252494,252520,54
chapter.sentence,252521,252618,55
chapter.sentence,252619,252654,56
chapter.sentence,252655,252718,57
chapter.sentence,252719,252771,58
chapter.sentence,252772,252870,59
chapter.sentence,252871,252913,60
chapter.sentence,252914,252995,61
chapter.sentence,252996,253072,62
chapter.sentence,253073,253170,63
chapter.sentence,253171,253229,64
chapter.sentence,253230,253335,65
chapter.sentence,253336,253390,66
chapter.sentence,253391,253548,67
chapter.sentence,253549,253854,68
chapter.sentence,253855,254008,69
chapter.sentence,254009,254064,70
chapter.sentence,254065,254128,71
chapter.sentence,254129,254253,72
chapter.sentence,254254,254330,73
chapter.sentence,254331,254363,74
chapter.sentence,254364,254379,75
chapter.sentence,254380,254425,76
chapter.sentence,254426,254617,77
chapter.sentence,254618,254687,78
chapter.sentence,254688,254764,79
chapter.sentence,254765,254975,80
chapter.sentence,254976,255013,81
chapter.sentence,255014,255112,82
chapter.sentence,255113,255212,83
chapter.sentence,255213,255297,84
chapter.sentence,255298,255354,85
chapter.sentence,255355,255507,86
chapter.sentence,255508,255625,87
chapter.sentence,255626,255720,88
chapter.sentence,255721,255774,89
chapter.sentence,255775,255833,90
chapter.sentence,255834,255867,91
chapter.sentence,255868,255911,92
chapter.sentence,255912,255950,93
chapter.sentence,255951,255988,94
chapter.sentence,255989,256099,95
chapter.sentence,256100,256275,96
chapter.sentence,256276,256495,97
chapter.sentence,256496,256551,98
chapter.sentence,256552,256615,99
chapter.sentence,256616,256740,100
chapter.sentence,256741,256826,101
chapter.sentence,256827,256952,102
chapter.sentence,256953,256980,103
chapter.sentence,256981,257035,104
chapter.sentence,257036,257077,105
chapter.sentence,257078,257186,106
chapter.sentence,257187,257325,107
chapter.sentence,257326,257350,108
chapter.sentence,257351,257360,109
chapter.sentence,257361,257429,110
chapter.sentence,257430,257472,111
chapter.sentence,257473,257525,112
chapter.sentence,257526,257608,113
chapter.sentence,257609,257653,114
chapter.sentence,257654,257764,115
chapter.sentence,257765,257845,116
chapter.sentence,257846,257886,117
chapter.sentence,257887,257922,118
chapter.sentence,257923,258005,119
chapter.sentence,258006,258139,120
chapter.sentence,258140,258183,121
chapter.sentence,258184,258231,122
chapter.sentence,258232,258369,123
chapter.sentence,258370,258415,124
chapter.sentence,258416,258501,125
chapter.sentence,258502,258538,126
chapter.sentence,258539,258695,127
chapter.sentence,258696,258822,128
chapter.sentence,258823,258849,129
chapter.sentence,258850,258909,130
chapter.sentence,258910,258962,131
chapter.sentence,258963,259089,132
chapter.sentence,259090,259178,133
chapter.sentence,259179,259232,134
chapter.sentence,259233,259376,135
chapter.sentence,259377,259391,136
chapter.sentence,259392,259401,137
chapter.sentence,259402,259424,138
chapter.sentence,259425,259466,139
chapter.sentence,259467,259522,140
chapter.sentence,259523,259603,141
chapter.sentence,259604,259700,142
chapter.sentence,259701,259769,143
chapter.sentence,259770,259835,144
chapter.sentence,259836,259878,145
chapter.sentence,259879,259938,146
chapter.sentence,259939,259975,147
chapter.sentence,259976,260017,148
chapter.sentence,260018,260033,149
chapter.sentence,260034,260039,150
chapter.sentence,260040,260089,151
chapter.sentence,260090,260158,152
chapter.sentence,260159,260200,153
chapter.sentence,260201,260299,154
chapter.sentence,260300,260325,155
chapter.sentence,260326,260331,156
chapter.sentence,260332,260406,157
chapter.sentence,260407,260548,158
chapter.sentence,260549,260634,159
chapter.sentence,260635,260698,160
chapter.sentence,260699,260717,161
chapter.sentence,260718,260838,162
chapter.sentence,260839,261144,163
chapter.sentence,261145,261176,164
chapter.sentence,261177,261290,165
chapter.sentence,261291,261352,166
chapter.sentence,261353,261423,167
chapter.sentence,261424,261489,168
chapter.sentence,261490,261515,169
chapter.sentence,261516,261624,170
chapter.sentence,261625,261684,171
chapter.sentence,261685,261718,172
chapter.sentence,261719,261737,173
chapter.sentence,261738,261851,174
chapter.sentence,261852,261942,175
chapter.sentence,261943,262019,176
chapter.sentence,262020,262082,177
chapter.sentence,262083,262196,178
chapter.sentence,262197,262269,179
chapter.sentence,262270,262375,180
chapter.sentence,262376,262408,181
chapter.sentence,262409,262442,182
chapter.sentence,262443,262533,183
chapter.sentence,262534,262569,184
chapter.sentence,262570,262625,185
chapter.sentence,262626,262665,186
chapter.sentence,262666,262701,187
chapter.sentence,262702,262756,188
chapter.sentence,262757,262804,189
chapter.sentence,262805,262863,190
chapter.sentence,262864,262960,191
chapter.sentence,262996,263034,1
chapter.sentence,263035,263060,2
chapter.sentence,263061,263194,3
chapter.sentence,263195,263271,4
chapter.sentence,263272,263323,5
chapter.sentence,263324,263372,6
chapter.sentence,263373,263514,7
chapter.sentence,263515,263608,8
chapter.sentence,263609,263652,9
chapter.sentence,263653,263867,10
chapter.sentence,263868,263916,11
chapter.sentence,263917,263939,12
chapter.sentence,263940,263967,13
chapter.sentence,263968,263987,14
chapter.sentence,263988,264052,15
chapter.sentence,264053,264099,16
chapter.sentence,264100,264134,17
chapter.sentence,264135,264164,18
chapter.sentence,264165,264184,19
chapter.sentence,264185,264206,20
chapter.sentence,264207,264224,21
chapter.sentence,264225,264306,22
chapter.sentence,264307,264408,23
chapter.sentence,264409,264429,24
chapter.sentence,264430,264469,25
chapter.sentence,264470,264489,26
chapter.sentence,264490,264562,27
chapter.sentence,264563,264582,28
chapter.sentence,264583,264605,29
chapter.sentence,264606,264760,30
chapter.sentence,264761,264770,31
chapter.sentence,264771,264796,32
chapter.sentence,264797,264878,33
chapter.sentence,264879,264894,34
chapter.sentence,264895,264965,35
chapter.sentence,264966,264986,36
chapter.sentence,264987,265075,37
chapter.sentence,265076,265188,38
chapter.sentence,265189,265290,39
chapter.sentence,265291,265393,40
chapter.sentence,265394,265432,41
chapter.sentence,265433,265485,42
chapter.sentence,265486,265544,43
chapter.sentence,265545,265634,44
chapter.sentence,265635,265666,45
chapter.sentence,265667,265728,46
chapter.sentence,265729,265822,47
chapter.sentence,265823,265906,48
chapter.sentence,265907,265971,49
chapter.sentence,265972,266009,50
chapter.sentence,266010,266035,51
chapter.sentence,266036,266150,52
chapter.sentence,266151,266173,53
chapter.sentence,266174,266225,54
chapter.sentence,266226,266266,55
chapter.sentence,266267,266374,56
chapter.sentence,266375,266492,57
chapter.sentence,266493,266600,58
chapter.sentence,266601,266613,59
chapter.sentence,266614,266694,60
chapter.sentence,266695,266753,61
chapter.sentence,266754,266766,62
chapter.sentence,266767,266794,63
chapter.sentence,266795,266838,64
chapter.sentence,266839,266941,65
chapter.sentence,266942,267005,66
chapter.sentence,267006,267114,67
chapter.sentence,267115,267171,68
chapter.sentence,267172,267250,69
chapter.sentence,267251,267425,70
chapter.sentence,267426,267512,71
chapter.sentence,267513,267559,72
chapter.sentence,267560,267585,73
chapter.sentence,267586,267610,74
chapter.sentence,267611,267742,75
chapter.sentence,267743,267767,76
chapter.sentence,267768,267786,77
chapter.sentence,267787,268093,78
chapter.sentence,268094,268266,79
chapter.sentence,268267,268323,80
chapter.sentence,268324,268382,81
chapter.sentence,268383,268425,82
chapter.sentence,268426,268482,83
chapter.sentence,268483,268507,84
chapter.sentence,268508,268519,85
chapter.sentence,268520,268545,86
chapter.sentence,268546,268666,87
chapter.sentence,268667,268685,88
chapter.sentence,268686,268772,89
chapter.sentence,268773,268808,90
chapter.sentence,268809,268958,91
chapter.sentence,268959,268991,92
chapter.sentence,268992,269082,93
chapter.sentence,269083,269178,94
chapter.sentence,269179,269223,95
chapter.sentence,269224,269270,96
chapter.sentence,269271,269382,97
chapter.sentence,269383,269449,98
chapter.sentence,269450,269496,99
chapter.sentence,269497,269507,100
chapter.sentence,269508,269604,101
chapter.sentence,269605,269671,102
chapter.sentence,269672,269695,103
chapter.sentence,269696,269708,104
chapter.sentence,269709,269728,105
chapter.sentence,269729,269795,106
chapter.sentence,269796,269806,107
chapter.sentence,269807,269825,108
chapter.sentence,269826,269832,109
chapter.sentence,269833,269877,110
chapter.sentence,269878,269933,111
chapter.sentence,269934,269998,112
chapter.sentence,269999,270058,113
chapter.sentence,270059,270093,114
chapter.sentence,270094,270139,115
chapter.sentence,270140,270182,116
chapter.sentence,270183,270260,117
chapter.sentence,270261,270364,118
chapter.sentence,270365,270445,119
chapter.sentence,270446,270470,120
chapter.sentence,270471,270484,121
chapter.sentence,270485,270503,122
chapter.sentence,270504,270549,123
chapter.sentence,270550,270703,124
chapter.sentence,270704,270752,125
chapter.sentence,270753,270791,126
chapter.sentence,270792,270872,127
chapter.sentence,270873,270941,128
chapter.sentence,270942,271010,129
chapter.sentence,271011,271030,130
chapter.sentence,271031,271074,131
chapter.sentence,271075,271210,132
chapter.sentence,271211,271247,133
chapter.sentence,271248,271332,134
chapter.sentence,271333,271394,135
chapter.sentence,271395,271513,136
chapter.sentence,271514,271535,137
chapter.sentence,271536,271550,138
chapter.sentence,271551,271596,139
chapter.sentence,271597,271621,140
chapter.sentence,271622,271709,141
chapter.sentence,271710,271792,142
chapter.sentence,271793,271839,143
chapter.sentence,271840,271849,144
chapter.sentence,271850,271873,145
chapter.sentence,271874,271985,146
chapter.sentence,271986,272012,147
chapter.sentence,272013,272085,148
chapter.sentence,272086,272141,149
chapter.sentence,272142,272176,150
chapter.sentence,272177,272206,151
chapter.sentence,272207,272253,152
chapter.sentence,272254,272343,153
chapter.sentence,272344,273012,154
chapter.sentence,273013,273116,155
chapter.sentence,273117,273155,156
chapter.sentence,273156,273253,157
chapter.sentence,273254,273320,158
chapter.sentence,273321,273412,159
chapter.sentence,273413,273434,160
chapter.sentence,273435,273487,161
chapter.sentence,273488,273552,162
chapter.sentence,273553,273591,163
chapter.sentence,273592,273726,164
chapter.sentence,273727,273784,165
chapter.sentence,273785,273807,166
chapter.sentence,273808,273870,167
chapter.sentence,273871,273973,168
chapter.sentence,273974,274061,169
chapter.sentence,274062,274084,170
chapter.sentence,274085,274257,171
chapter.sentence,274258,274336,172
chapter.sentence,274337,274463,173
chapter.sentence,274464,274500,174
chapter.sentence,274501,274657,175
chapter.sentence,274658,274694,176
chapter.sentence,274695,274745,177
chapter.sentence,274746,274775,178
chapter.sentence,274776,274820,179
chapter.sentence,274821,274877,180
chapter.sentence,274878,274927,181
chapter.sentence,274928,274978,182
chapter.sentence,274979,275019,183
chapter.sentence,275020,275112,184
chapter.sentence,275113,275141,185
chapter.sentence,275142,275186,186
chapter.sentence,275187,275221,187
chapter.sentence,275222,275252,188
chapter.sentence,275253,275281,189
chapter.sentence,275282,275343,190
chapter.sentence,275344,275361,191
chapter.sentence,275362,275379,192
chapter.sentence,275380,275411,193
chapter.sentence,275412,275464,194
chapter.sentence,275465,275570,195
chapter.sentence,275571,275656,196
chapter.sentence,275657,275767,197
chapter.sentence,275768,275777,198
chapter.sentence,275778,275837,199
chapter.sentence,275838,275891,200
chapter.sentence,275892,275916,201
chapter.sentence,275917,275952,202
chapter.sentence,275953,276129,203
chapter.sentence,276130,276287,204
chapter.sentence,276288,276394,205
chapter.sentence,276395,276441,206
chapter.sentence,276442,276485,207
chapter.sentence,276486,276591,208
chapter.sentence,276592,276662,209
chapter.sentence,276663,276741,210
chapter.sentence,276742,276784,211
chapter.sentence,276785,276846,212
chapter.sentence,276847,276901,213
chapter.sentence,276902,276919,214
chapter.sentence,276920,276970,215
chapter.sentence,276971,277031,216
chapter.sentence,277032,277213,217
chapter.sentence,277214,277418,218
chapter.sentence,277419,277500,219
chapter.sentence,277501,277539,220
chapter.sentence,277540,277625,221
chapter.sentence,277626,277761,222
chapter.sentence,277762,277825,223
chapter.sentence,277826,277957,224
chapter.sentence,277958,278087,225
chapter.sentence,278088,278111,226
chapter.sentence,278112,278264,227
chapter.sentence,278265,278317,228
chapter.sentence,278318,278381,229
chapter.sentence,278382,278391,230
chapter.sentence,278392,278554,231
chapter.sentence,278555,278983,232
chapter.sentence,278984,279008,233
chapter.sentence,279009,279081,234
chapter.sentence,279082,279208,235
chapter.sentence,279209,279341,236
chapter.sentence,279342,279411,237
chapter.sentence,279412,279552,238
chapter.sentence,279553,279592,239
chapter.sentence,279593,279732,240
chapter.sentence,279733,279799,241
chapter.sentence,279800,279829,242
chapter.sentence,279830,279875,243
chapter.sentence,279876,279980,244
chapter.sentence,279981,280202,245
chapter.sentence,280203,280351,246
chapter.sentence,280352,280434,247
chapter.sentence,280435,280631,248
chapter.sentence,280632,280721,249
chapter.sentence,280722,280778,250
chapter.sentence,280828,281037,1
chapter.sentence,281038,281170,2
chapter.sentence,281171,281287,3
chapter.sentence,281288,281405,4
chapter.sentence,281406,281435,5
chapter.sentence,281436,281511,6
chapter.sentence,281512,281673,7
chapter.sentence,281674,281813,8
chapter.sentence,281814,281898,9
chapter.sentence,281899,282047,10
chapter.sentence,282048,282154,11
chapter.sentence,282155,282164,12
chapter.sentence,282165,282190,13
chapter.sentence,282191,282244,14
chapter.sentence,282245,282259,15
chapter.sentence,282260,282293,16
chapter.sentence,282294,282333,17
chapter.sentence,282334,282426,18
chapter.sentence,282427,282528,19
chapter.sentence,282529,282629,20
chapter.sentence,282630,282744,21
chapter.sentence,282745,282859,22
chapter.sentence,282860,282962,23
chapter.sentence,282963,282976,24
chapter.sentence,282977,282997,25
chapter.sentence,282998,283043,26
chapter.sentence,283044,283486,27
chapter.sentence,283487,283534,28
chapter.sentence,283535,283579,29
chapter.sentence,283580,283593,30
chapter.sentence,283594,283630,31
chapter.sentence,283631,283708,32
chapter.sentence,283709,283755,33
chapter.sentence,283756,283775,34
chapter.sentence,283776,283831,35
chapter.sentence,283832,283848,36
chapter.sentence,283849,283889,37
chapter.sentence,283890,283946,38
chapter.sentence,283947,283995,39
chapter.sentence,283996,284058,40
chapter.sentence,284059,284447,41
chapter.sentence,284448,284467,42
chapter.sentence,284468,284480,43
chapter.sentence,284481,284502,44
chapter.sentence,284503,284549,45
chapter.sentence,284550,284578,46
chapter.sentence,284579,284657,47
chapter.sentence,284658,284690,48
chapter.sentence,284691,284740,49
chapter.sentence,284741,284753,50
chapter.sentence,284754,284767,51
chapter.sentence,284768,284845,52
chapter.sentence,284846,284905,53
chapter.sentence,284906,284983,54
chapter.sentence,284984,284992,55
chapter.sentence,284993,285017,56
chapter.sentence,285018,285033,57
chapter.sentence,285034,285044,58
chapter.sentence,285045,285070,59
chapter.sentence,285071,285085,60
chapter.sentence,285086,285132,61
chapter.sentence,285133,285234,62
chapter.sentence,285235,285289,63
chapter.sentence,285290,285350,64
chapter.sentence,285351,285372,65
chapter.sentence,285373,285515,66
chapter.sentence,285516,285608,67
chapter.sentence,285609,285637,68
chapter.sentence,285638,285659,69
chapter.sentence,285660,285836,70
chapter.sentence,285837,286095,71
chapter.sentence,286096,286151,72
chapter.sentence,286152,286191,73
chapter.sentence,286192,286236,74
chapter.sentence,286237,286268,75
chapter.sentence,286269,286424,76
chapter.sentence,286425,286453,77
chapter.sentence,286454,286498,78
chapter.sentence,286499,286594,79
chapter.sentence,286595,286629,80
chapter.sentence,286630,286729,81
chapter.sentence,286730,286836,82
chapter.sentence,286837,286847,83
chapter.sentence,286848,286972,84
chapter.sentence,286973,287042,85
chapter.sentence,287043,287069,86
chapter.sentence,287070,287096,87
chapter.sentence,287097,287116,88
chapter.sentence,287117,287187,89
chapter.sentence,287188,287211,90
chapter.sentence,287212,287228,91
chapter.sentence,287229,287298,92
chapter.sentence,287299,287320,93
chapter.sentence,287321,287330,94
chapter.sentence,287331,287344,95
chapter.sentence,287345,287463,96
chapter.sentence,287464,287505,97
chapter.sentence,287506,287517,98
chapter.sentence,287518,287553,99
chapter.sentence,287554,287582,100
chapter.sentence,287583,287636,101
chapter.sentence,287637,287712,102
chapter.sentence,287713,287732,103
chapter.sentence,287733,287860,104
chapter.sentence,287861,287998,105
chapter.sentence,287999,288015,106
chapter.sentence,288016,288023,107
chapter.sentence,288024,288051,108
chapter.sentence,288052,288077,109
chapter.sentence,288078,288152,110
chapter.sentence,288153,288198,111
chapter.sentence,288199,288292,112
chapter.sentence,288293,288437,113
chapter.sentence,288438,288532,114
chapter.sentence,288533,288607,115
chapter.sentence,288608,288676,116
chapter.sentence,288677,288729,117
chapter.sentence,288730,288800,118
chapter.sentence,288801,288906,119
chapter.sentence,288907,288978,120
chapter.sentence,288979,289092,121
chapter.sentence,289093,289191,122
chapter.sentence,289192,289219,123
chapter.sentence,289220,289305,124
chapter.sentence,289306,289328,125
chapter.sentence,289329,289352,126
chapter.sentence,289353,289416,127
chapter.sentence,289417,289447,128
chapter.sentence,289448,289510,129
chapter.sentence,289511,289560,130
chapter.sentence,289561,289696,131
chapter.sentence,289697,289756,132
chapter.sentence,289757,289802,133
chapter.sentence,289803,289890,134
chapter.sentence,289891,289975,135
chapter.sentence,289976,290034,136
chapter.sentence,290035,290076,137
chapter.sentence,290077,290137,138
chapter.sentence,290138,290209,139
chapter.sentence,290210,290238,140
chapter.sentence,290239,290267,141
chapter.sentence,290268,290447,142
chapter.sentence,290448,290525,143
chapter.sentence,290526,290657,144
chapter.sentence,290658,290833,145
chapter.sentence,290834,290869,146
chapter.sentence,290870,290908,147
chapter.sentence,290909,290940,148
chapter.sentence,290941,290976,149
chapter.sentence,290977,290989,150
chapter.sentence,290990,291010,151
chapter.sentence,291011,291108,152
chapter.sentence,291109,291141,153
chapter.sentence,291142,291191,154
chapter.sentence,291192,291207,155
chapter.sentence,291208,291227,156
chapter.sentence,291228,291302,157
chapter.sentence,291303,291368,158
chapter.sentence,291369,291429,159
chapter.sentence,291430,291483,160
chapter.sentence,291484,291551,161
chapter.sentence,291552,291586,162
chapter.sentence,291587,291609,163
chapter.sentence,291610,291720,164
chapter.sentence,291721,291753,165
chapter.sentence,291754,291760,166
chapter.sentence,291761,291819,167
chapter.sentence,291820,291870,168
chapter.sentence,291871,291909,169
chapter.sentence,291910,291956,170
chapter.sentence,291957,292173,171
chapter.sentence,292174,292259,172
chapter.sentence,292260,292295,173
chapter.sentence,292296,292306,174
chapter.sentence,292307,292314,175
chapter.sentence,292315,292359,176
chapter.sentence,292360,292409,177
chapter.sentence,292410,292475,178
chapter.sentence,292476,292532,179
chapter.sentence,292533,292554,180
chapter.sentence,292555,292611,181
chapter.sentence,292612,292711,182
chapter.sentence,292712,292798,183
chapter.sentence,292799,292862,184
chapter.sentence,292863,292943,185
chapter.sentence,292944,293038,186
chapter.sentence,293039,293046,187
chapter.sentence,293047,293059,188
chapter.sentence,293060,293174,189
chapter.sentence,293175,293200,190
chapter.sentence,293201,293256,191
chapter.sentence,293257,293342,192
chapter.sentence,293343,293430,193
chapter.sentence,293431,293469,194
chapter.sentence,293470,293488,195
chapter.sentence,293489,293538,196
chapter.sentence,293539,293545,197
chapter.sentence,293546,293563,198
chapter.sentence,293564,293661,199
chapter.sentence,293662,293709,200
chapter.sentence,293710,293839,201
chapter.sentence,293840,293897,202
chapter.sentence,293898,293928,203
chapter.sentence,293929,293968,204
chapter.sentence,293969,294124,205
chapter.sentence,294125,294140,206
chapter.sentence,294141,294154,207
chapter.sentence,294155,294160,208
chapter.sentence,294161,294219,209
chapter.sentence,294220,294304,210
chapter.sentence,294305,294384,211
chapter.sentence,294385,294494,212
chapter.sentence,294495,294520,213
chapter.sentence,294521,294617,214
chapter.sentence,294618,294646,215
chapter.sentence,294647,294658,216
chapter.sentence,294659,294779,217
chapter.sentence,294780,294839,218
chapter.sentence,294840,294896,219
chapter.sentence,294897,295020,220
chapter.sentence,295021,295043,221
chapter.sentence,295044,295109,222
chapter.sentence,295110,295177,223
chapter.sentence,295178,295237,224
chapter.sentence,295238,295432,225
chapter.sentence,295433,295535,226
chapter.sentence,295536,295610,227
chapter.sentence,295611,295693,228
chapter.sentence,295694,295838,229
chapter.sentence,295839,295861,230
chapter.sentence,295862,295885,231
chapter.sentence,295886,295901,232
chapter.sentence,295902,296043,233
chapter.sentence,296044,296256,234
chapter.sentence,296257,296352,235
chapter.sentence,296353,296417,236
chapter.sentence,296418,296496,237
chapter.sentence,296497,296549,238
chapter.sentence,296550,296733,239
chapter.sentence,296734,296769,240
chapter.sentence,296770,296816,241
chapter.sentence,296817,296847,242
chapter.sentence,296848,296858,243
chapter.sentence,296859,296864,244
chapter.sentence,296865,296909,245
chapter.sentence,296910,296951,246
chapter.sentence,296952,297012,247
chapter.sentence,297013,297024,248
chapter.sentence,297025,297088,249
chapter.sentence,297089,297108,250
chapter.sentence,297109,297139,251
chapter.sentence,297140,297160,252
chapter.sentence,297161,297175,253
chapter.sentence,297176,297182,254
chapter.sentence,297183,297302,255
chapter.sentence,297303,297377,256
chapter.sentence,297378,297537,257
chapter.sentence,297538,297605,258
chapter.sentence,297606,297674,259
chapter.sentence,297675,297821,260
chapter.sentence,297822,297829,261
chapter.sentence,297830,297842,262
chapter.sentence,297843,297896,263
chapter.sentence,297897,297988,264
chapter.sentence,297989,298062,265
chapter.sentence,298063,298149,266
chapter.sentence,298150,298232,267
chapter.sentence,298233,298267,268
chapter.sentence,298268,298300,269
chapter.sentence,298301,298370,270
chapter.sentence,298371,298448,271
chapter.sentence,298449,298512,272
chapter.sentence,298513,298622,273
chapter.sentence,298623,298723,274
chapter.sentence,298724,298805,275
chapter.sentence,298806,298832,276
chapter.sentence,298833,298848,277
chapter.sentence,298849,298877,278
chapter.sentence,298878,298955,279
chapter.sentence,298956,298964,280
chapter.sentence,298965,299008,281
chapter.sentence,299009,299033,282
chapter.sentence,299034,299100,283
chapter.sentence,299101,299119,284
chapter.sentence,299120,299167,285
chapter.sentence,299168,299206,286
chapter.sentence,299207,299271,287
chapter.sentence,299272,299341,288
chapter.sentence,299342,299402,289
chapter.sentence,299403,299490,290
chapter.sentence,299536,299595,1
chapter.sentence,299596,299898,2
chapter.sentence,299899,300116,3
chapter.sentence,300117,300302,4
chapter.sentence,300303,300552,5
chapter.sentence,300553,300711,6
chapter.sentence,300712,301107,7
chapter.sentence,301108,301194,8
chapter.sentence,301195,301277,9
chapter.sentence,301278,301385,10
chapter.sentence,301386,301692,11
chapter.sentence,301693,301977,12
chapter.sentence,301978,302236,13
chapter.sentence,302237,302417,14
chapter.sentence,302418,302446,15
chapter.sentence,302447,302535,16
chapter.sentence,302536,302957,17
chapter.sentence,302958,303089,18
chapter.sentence,303090,303415,19
chapter.sentence,303416,303497,20
chapter.sentence,303498,303589,21
chapter.sentence,303590,303687,22
chapter.sentence,303688,303746,23
chapter.sentence,303747,303875,24
chapter.sentence,303876,303933,25
chapter.sentence,303934,303993,26
chapter.sentence,303994,304152,27
chapter.sentence,304153,304212,28
chapter.sentence,304213,304237,29
chapter.sentence,304238,304266,30
chapter.sentence,304267,304431,31
chapter.sentence,304432,304572,32
chapter.sentence,304573,304614,33
chapter.sentence,304615,304687,34
chapter.sentence,304688,304797,35
chapter.sentence,304798,304866,36
chapter.sentence,304867,304947,37
chapter.sentence,304948,305001,38
chapter.sentence,305002,305056,39
chapter.sentence,305057,305228,40
chapter.sentence,305229,305304,41
chapter.sentence,305305,305349,42
chapter.sentence,305350,305487,43
chapter.sentence,305488,305528,44
chapter.sentence,305529,305651,45
chapter.sentence,305652,305680,46
chapter.sentence,305681,305705,47
chapter.sentence,305706,305794,48
chapter.sentence,305795,305885,49
chapter.sentence,305886,305999,50
chapter.sentence,306000,306017,51
chapter.sentence,306018,306064,52
chapter.sentence,306065,306228,53
chapter.sentence,306229,306298,54
chapter.sentence,306299,306415,55
chapter.sentence,306416,306447,56
chapter.sentence,306448,306580,57
chapter.sentence,306581,306691,58
chapter.sentence,306692,306857,59
chapter.sentence,306858,306885,60
chapter.sentence,306886,306905,61
chapter.sentence,306906,306974,62
chapter.sentence,306975,307019,63
chapter.sentence,307020,307038,64
chapter.sentence,307039,307112,65
chapter.sentence,307113,307255,66
chapter.sentence,307256,307352,67
chapter.sentence,307353,307394,68
chapter.sentence,307395,307441,69
chapter.sentence,307442,307511,70
chapter.sentence,307512,307551,71
chapter.sentence,307552,307680,72
chapter.sentence,307681,307745,73
chapter.sentence,307746,307851,74
chapter.sentence,307852,307873,75
chapter.sentence,307874,307956,76
chapter.sentence,307957,308051,77
chapter.sentence,308052,308294,78
chapter.sentence,308295,308391,79
chapter.sentence,308392,308718,80
chapter.sentence,308719,308846,81
chapter.sentence,308847,309041,82
chapter.sentence,309042,309232,83
chapter.sentence,309233,309343,84
chapter.sentence,309344,309461,85
chapter.sentence,309462,309502,86
chapter.sentence,309503,309523,87
chapter.sentence,309524,309592,88
chapter.sentence,309593,309617,89
chapter.sentence,309618,309671,90
chapter.sentence,309672,309722,91
chapter.sentence,309723,309752,92
chapter.sentence,309753,309772,93
chapter.sentence,309773,309828,94
chapter.sentence,309829,309854,95
chapter.sentence,309855,309943,96
chapter.sentence,309944,309990,97
chapter.sentence,309991,310010,98
chapter.sentence,310011,310101,99
chapter.sentence,310102,310117,100
chapter.sentence,310118,310137,101
chapter.sentence,310138,310196,102
chapter.sentence,310197,310284,103
chapter.sentence,310285,310329,104
chapter.sentence,310330,310337,105
chapter.sentence,310338,310611,106
chapter.sentence,310612,310680,107
chapter.sentence,310681,310735,108
chapter.sentence,310736,310756,109
chapter.sentence,310757,310825,110
chapter.sentence,310826,310931,111
chapter.sentence,310932,311032,112
chapter.sentence,311033,311115,113
chapter.sentence,311116,311176,114
chapter.sentence,311177,311287,115
chapter.sentence,311288,311362,116
chapter.sentence,311363,311393,117
chapter.sentence,311394,311571,118
chapter.sentence,311572,311696,119
chapter.sentence,311697,311844,120
chapter.sentence,311845,311894,121
chapter.sentence,311895,312033,122
chapter.sentence,312034,312155,123
chapter.sentence,312156,312203,124
chapter.sentence,312204,312278,125
chapter.sentence,312279,312313,126
chapter.sentence,312314,312354,127
chapter.sentence,312355,312410,128
chapter.sentence,312411,312586,129
chapter.sentence,312587,312708,130
chapter.sentence,312709,312801,131
chapter.sentence,312802,312829,132
chapter.sentence,312830,312915,133
chapter.sentence,312916,313087,134
chapter.sentence,313088,313189,135
chapter.sentence,313190,313311,136
chapter.sentence,313312,313380,137
chapter.sentence,313381,313590,138
chapter.sentence,313591,313616,139
chapter.sentence,313617,313627,140
chapter.sentence,313628,313725,141
chapter.sentence,313726,313792,142
chapter.sentence,313793,313854,143
chapter.sentence,313855,313912,144
chapter.sentence,313913,313935,145
chapter.sentence,313936,313959,146
chapter.sentence,313960,314063,147
chapter.sentence,314064,314209,148
chapter.sentence,314210,314288,149
chapter.sentence,314289,314379,150
chapter.sentence,314380,314418,151
chapter.sentence,314419,314527,152
chapter.sentence,314528,314625,153
chapter.sentence,314626,314634,154
chapter.sentence,314673,314755,1
chapter.sentence,314756,314844,2
chapter.sentence,314845,314943,3
chapter.sentence,314944,314980,4
chapter.sentence,314981,315031,5
chapter.sentence,315032,315060,6
chapter.sentence,315061,315088,7
chapter.sentence,315089,315151,8
chapter.sentence,315152,315331,9
chapter.sentence,315332,315351,10
chapter.sentence,315352,315390,11
chapter.sentence,315391,315410,12
chapter.sentence,315411,315605,13
chapter.sentence,315606,315846,14
chapter.sentence,315847,315917,15
chapter.sentence,315918,315953,16
chapter.sentence,315954,315996,17
chapter.sentence,315997,316082,18
chapter.sentence,316083,316228,19
chapter.sentence,316229,316284,20
chapter.sentence,316285,316366,21
chapter.sentence,316367,316438,22
chapter.sentence,316439,316464,23
chapter.sentence,316465,316484,24
chapter.sentence,316485,316564,25
chapter.sentence,316565,316835,26
chapter.sentence,316836,316943,27
chapter.sentence,316944,316966,28
chapter.sentence,316967,316987,29
chapter.sentence,316988,317067,30
chapter.sentence,317068,317115,31
chapter.sentence,317116,317150,32
chapter.sentence,317151,317281,33
chapter.sentence,317282,317367,34
chapter.sentence,317368,317383,35
chapter.sentence,317384,317430,36
chapter.sentence,317431,317460,37
chapter.sentence,317461,317534,38
chapter.sentence,317535,317542,39
chapter.sentence,317543,317574,40
chapter.sentence,317575,317597,41
chapter.sentence,317598,317621,42
chapter.sentence,317622,317644,43
chapter.sentence,317645,317674,44
chapter.sentence,317675,317722,45
chapter.sentence,317723,317938,46
chapter.sentence,317939,317985,47
chapter.sentence,317986,318146,48
chapter.sentence,318147,318202,49
chapter.sentence,318203,318238,50
chapter.sentence,318239,318248,51
chapter.sentence,318249,318385,52
chapter.sentence,318386,318648,53
chapter.sentence,318649,318706,54
chapter.sentence,318707,318743,55
chapter.sentence,318744,318858,56
chapter.sentence,318859,319042,57
chapter.sentence,319043,319307,58
chapter.sentence,319308,319345,59
chapter.sentence,319346,319399,60
chapter.sentence,319400,319524,61
chapter.sentence,319525,319639,62
chapter.sentence,319640,319704,63
chapter.sentence,319705,319718,64
chapter.sentence,319719,319751,65
chapter.sentence,319752,319773,66
chapter.sentence,319774,319781,67
chapter.sentence,319782,319792,68
chapter.sentence,319793,319798,69
chapter.sentence,319799,319810,70
chapter.sentence,319811,319821,71
chapter.sentence,319822,319917,72
chapter.sentence,319918,320081,73
chapter.sentence,320082,320173,74
chapter.sentence,320174,320197,75
chapter.sentence,320198,320215,76
chapter.sentence,320216,320345,77
chapter.sentence,320346,320476,78
chapter.sentence,320477,320548,79
chapter.sentence,320549,320615,80
chapter.sentence,320616,320631,81
chapter.sentence,320632,320646,82
chapter.sentence,320647,320677,83
chapter.sentence,320678,320688,84
chapter.sentence,320689,320824,85
chapter.sentence,320825,320955,86
chapter.sentence,320956,321092,87
chapter.sentence,321093,321183,88
chapter.sentence,321184,321246,89
chapter.sentence,321247,321297,90
chapter.sentence,321298,321304,91
chapter.sentence,321305,321317,92
chapter.sentence,321318,321324,93
chapter.sentence,321325,321351,94
chapter.sentence,321352,321399,95
chapter.sentence,321400,321422,96
chapter.sentence,321423,321715,97
chapter.sentence,321716,321802,98
chapter.sentence,321803,321909,99
chapter.sentence,321910,321961,100
chapter.sentence,321962,322061,101
chapter.sentence,322062,322159,102
chapter.sentence,322160,322184,103
chapter.sentence,322185,322236,104
chapter.sentence,322237,322282,105
chapter.sentence,322283,322401,106
chapter.sentence,322402,322438,107
chapter.sentence,322439,322503,108
chapter.sentence,322504,322574,109
chapter.sentence,322575,322618,110
chapter.sentence,322619,322665,111
chapter.sentence,322666,322835,112
chapter.sentence,322836,322916,113
chapter.sentence,322917,323098,114
chapter.sentence,323099,323169,115
chapter.sentence,323170,323459,116
chapter.sentence,323460,323505,117
chapter.sentence,323506,323529,118
chapter.sentence,323530,323592,119
chapter.sentence,323593,323655,120
chapter.sentence,323656,323704,121
chapter.sentence,323705,323763,122
chapter.sentence,323764,323807,123
chapter.sentence,323808,323917,124
chapter.sentence,323918,323972,125
chapter.sentence,323973,324186,126
chapter.sentence,324187,324257,127
chapter.sentence,324258,324414,128
chapter.sentence,324415,324451,129
chapter.sentence,324452,324464,130
chapter.sentence,324465,324549,131
chapter.sentence,324550,324581,132
chapter.sentence,324582,324629,133
chapter.sentence,324630,324805,134
chapter.sentence,324806,324869,135
chapter.sentence,324870,324902,136
chapter.sentence,324903,324939,137
chapter.sentence,324940,324962,138
chapter.sentence,324963,325033,139
chapter.sentence,325034,325069,140
chapter.sentence,325070,325077,141
chapter.sentence,325078,325288,142
chapter.sentence,325289,325361,143
chapter.sentence,325362,325419,144
chapter.sentence,325420,325464,145
chapter.sentence,325465,325518,146
chapter.sentence,325519,325588,147
chapter.sentence,325589,325624,148
chapter.sentence,325625,325690,149
chapter.sentence,325691,325752,150
chapter.sentence,325753,325836,151
chapter.sentence,325837,326008,152
chapter.sentence,326009,326182,153
chapter.sentence,326209,326317,1
chapter.sentence,326318,326418,2
chapter.sentence,326419,326452,3
chapter.sentence,326453,326522,4
chapter.sentence,326523,326620,5
chapter.sentence,326621,326682,6
chapter.sentence,326683,326881,7
chapter.sentence,326882,326912,8
chapter.sentence,326913,326984,9
chapter.sentence,326985,327106,10
chapter.sentence,327107,327249,11
chapter.sentence,327250,327329,12
chapter.sentence,327330,327389,13
chapter.sentence,327390,327478,14
chapter.sentence,327479,327542,15
chapter.sentence,327543,327655,16
chapter.sentence,327656,327721,17
chapter.sentence,327722,327832,18
chapter.sentence,327833,327872,19
chapter.sentence,327873,328032,20
chapter.sentence,328033,328092,21
chapter.sentence,328093,328116,22
chapter.sentence,328117,328130,23
chapter.sentence,328131,328200,24
chapter.sentence,328201,328329,25
chapter.sentence,328330,328474,26
chapter.sentence,328475,328504,27
chapter.sentence,328505,328587,28
chapter.sentence,328588,328667,29
chapter.sentence,328668,328755,30
chapter.sentence,328756,328830,31
chapter.sentence,328831,328914,32
chapter.sentence,328915,329008,33
chapter.sentence,329009,329051,34
chapter.sentence,329052,329082,35
chapter.sentence,329083,329098,36
chapter.sentence,329099,329116,37
chapter.sentence,329117,329139,38
chapter.sentence,329140,329240,39
chapter.sentence,329241,329320,40
chapter.sentence,329321,329325,41
chapter.sentence,329326,329532,42
chapter.sentence,329533,329564,43
chapter.sentence,329565,329650,44
chapter.sentence,329651,329660,45
chapter.sentence,329661,329675,46
chapter.sentence,329676,329689,47
chapter.sentence,329690,329699,48
chapter.sentence,329700,329731,49
chapter.sentence,329732,329794,50
chapter.sentence,329795,329858,51
chapter.sentence,329859,330039,52
chapter.sentence,330040,330167,53
chapter.sentence,330168,330291,54
chapter.sentence,330292,330334,55
chapter.sentence,330335,330365,56
chapter.sentence,330366,330476,57
chapter.sentence,330477,330568,58
chapter.sentence,330569,330583,59
chapter.sentence,330584,330602,60
chapter.sentence,330603,330633,61
chapter.sentence,330634,330699,62
chapter.sentence,330700,330780,63
chapter.sentence,330781,330815,64
chapter.sentence,330816,330866,65
chapter.sentence,330867,330904,66
chapter.sentence,330905,331005,67
chapter.sentence,331006,331060,68
chapter.sentence,331061,331158,69
chapter.sentence,331159,331206,70
chapter.sentence,331207,331224,71
chapter.sentence,331225,331268,72
chapter.sentence,331269,331297,73
chapter.sentence,331298,331333,74
chapter.sentence,331334,331402,75
chapter.sentence,331403,331490,76
chapter.sentence,331491,331564,77
chapter.sentence,331565,331690,78
chapter.sentence,331691,331702,79
chapter.sentence,331703,331730,80
chapter.sentence,331731,331776,81
chapter.sentence,331777,331847,82
chapter.sentence,331848,331985,83
chapter.sentence,331986,332086,84
chapter.sentence,332087,332237,85
chapter.sentence,332238,332392,86
chapter.sentence,332393,332490,87
chapter.sentence,332491,332547,88
chapter.sentence,332548,332619,89
chapter.sentence,332620,332681,90
chapter.sentence,332682,332691,91
chapter.sentence,332692,332743,92
chapter.sentence,332744,332789,93
chapter.sentence,332790,332852,94
chapter.sentence,332853,332905,95
chapter.sentence,332906,333021,96
chapter.sentence,333022,333048,97
chapter.sentence,333049,333069,98
chapter.sentence,333070,333157,99
chapter.sentence,333158,333299,100
chapter.sentence,333300,333313,101
chapter.sentence,333314,333328,102
chapter.sentence,333329,333365,103
chapter.sentence,333366,333403,104
chapter.sentence,333404,333429,105
chapter.sentence,333430,333439,106
chapter.sentence,333440,333450,107
chapter.sentence,333451,333473,108
chapter.sentence,333474,333742,109
chapter.sentence,333743,333776,110
chapter.sentence,333777,333864,111
chapter.sentence,333865,333916,112
chapter.sentence,333917,333920,113
chapter.sentence,333921,333940,114
chapter.sentence,333941,333954,115
chapter.sentence,333955,334021,116
chapter.sentence,334022,334048,117
chapter.sentence,334049,334104,118
chapter.sentence,334105,334131,119
chapter.sentence,334132,334174,120
chapter.sentence,334175,334217,121
chapter.sentence,334218,334235,122
chapter.sentence,334236,334248,123
chapter.sentence,334249,334256,124
chapter.sentence,334257,334284,125
chapter.sentence,334285,334304,126
chapter.sentence,334305,334358,127
chapter.sentence,334359,334393,128
chapter.sentence,334394,334429,129
chapter.sentence,334430,334564,130
chapter.sentence,334565,334595,131
chapter.sentence,334596,334690,132
chapter.sentence,334691,334731,133
chapter.sentence,334732,334819,134
chapter.sentence,334820,334839,135
chapter.sentence,334840,334906,136
chapter.sentence,334907,334934,137
chapter.sentence,334935,334945,138
chapter.sentence,334946,334972,139
chapter.sentence,334973,334980,140
chapter.sentence,334981,334991,141
chapter.sentence,334992,335040,142
chapter.sentence,335041,335139,143
chapter.sentence,335140,335182,144
chapter.sentence,335183,335195,145
chapter.sentence,335196,335284,146
chapter.sentence,335285,335295,147
chapter.sentence,335296,335317,148
chapter.sentence,335318,335358,149
chapter.sentence,335359,335421,150
chapter.sentence,335422,335439,151
chapter.sentence,335440,335516,152
chapter.sentence,335517,335549,153
chapter.sentence,335550,335580,154
chapter.sentence,335581,335750,155
chapter.sentence,335751,335779,156
chapter.sentence,335780,335805,157
chapter.sentence,335806,335822,158
chapter.sentence,335823,335853,159
chapter.sentence,335854,335869,160
chapter.sentence,335870,335969,161
chapter.sentence,335970,336015,162
chapter.sentence,336016,336042,163
chapter.sentence,336043,336141,164
chapter.sentence,336142,336164,165
chapter.sentence,336165,336226,166
chapter.sentence,336227,336244,167
chapter.sentence,336245,336345,168
chapter.sentence,336346,336402,169
chapter.sentence,336403,336463,170
chapter.sentence,336464,336497,171
chapter.sentence,336498,336535,172
chapter.sentence,336536,336615,173
chapter.sentence,336616,336672,174
chapter.sentence,336673,336804,175
chapter.sentence,336805,336821,176
chapter.sentence,336822,336901,177
chapter.sentence,336902,336961,178
chapter.sentence,336962,337022,179
chapter.sentence,337023,337047,180
chapter.sentence,337048,337088,181
chapter.sentence,337089,337127,182
chapter.sentence,337128,337156,183
chapter.sentence,337157,337321,184
chapter.sentence,337322,337386,185
chapter.sentence,337387,337478,186
chapter.sentence,337479,337575,187
chapter.sentence,337576,337705,188
chapter.sentence,337706,337845,189
chapter.sentence,337846,337961,190
chapter.sentence,337962,338034,191
chapter.sentence,338035,338054,192
chapter.sentence,338055,338182,193
chapter.sentence,338183,338253,194
chapter.sentence,338254,338297,195
chapter.sentence,338298,338316,196
chapter.sentence,338317,338342,197
chapter.sentence,338343,338468,198
chapter.sentence,338469,338516,199
chapter.sentence,338517,338610,200
chapter.sentence,338611,338699,201
chapter.sentence,338700,338811,202
chapter.sentence,338812,338912,203
chapter.sentence,338913,338992,204
chapter.sentence,338993,339135,205
chapter.sentence,339136,339165,206
chapter.sentence,339166,339301,207
chapter.sentence,339302,339445,208
chapter.sentence,339446,339532,209
chapter.sentence,339533,339581,210
chapter.sentence,339582,339605,211
chapter.sentence,339606,339732,212
chapter.sentence,339733,339784,213
chapter.sentence,339785,339862,214
chapter.sentence,339863,339875,215
chapter.sentence,339876,339972,216
chapter.sentence,339973,339998,217
chapter.sentence,339999,340012,218
chapter.sentence,340013,340055,219
chapter.sentence,340056,340171,220
chapter.sentence,340172,340197,221
chapter.sentence,340198,340213,222
chapter.sentence,340214,340242,223
chapter.sentence,340243,340274,224
chapter.sentence,340275,340302,225
chapter.sentence,340303,340402,226
chapter.sentence,340403,340433,227
chapter.sentence,340434,340446,228
chapter.sentence,340447,340572,229
chapter.sentence,340573,340668,230
chapter.sentence,340669,340763,231
chapter.sentence,340764,340859,232
chapter.sentence,340860,340932,233
chapter.sentence,340933,341005,234
chapter.sentence,341006,341088,235
chapter.sentence,341089,341119,236
chapter.sentence,341120,341137,237
chapter.sentence,341138,341319,238
chapter.sentence,341320,341354,239
chapter.sentence,341355,341441,240
chapter.sentence,341442,341476,241
chapter.sentence,341477,341551,242
chapter.sentence,341552,341596,243
chapter.sentence,341597,341686,244
chapter.sentence,341687,341792,245
chapter.sentence,341793,341843,246
chapter.sentence,341844,341930,247
chapter.sentence,341931,342059,248
chapter.sentence,342060,342146,249
chapter.sentence,342147,342231,250
chapter.sentence,342232,342294,251
chapter.sentence,342338,342434,1
chapter.sentence,342435,342605,2
chapter.sentence,342606,342671,3
chapter.sentence,342672,342920,4
chapter.sentence,342921,342975,5
chapter.sentence,342976,343055,6
chapter.sentence,343056,343104,7
chapter.sentence,343105,343146,8
chapter.sentence,343147,343172,9
chapter.sentence,343173,343189,10
chapter.sentence,343190,343221,11
chapter.sentence,343222,343373,12
chapter.sentence,343374,343609,13
chapter.sentence,343610,343710,14
chapter.sentence,343711,343811,15
chapter.sentence,343812,343839,16
chapter.sentence,343840,343877,17
chapter.sentence,343878,343925,18
chapter.sentence,343926,343945,19
chapter.sentence,343946,344114,20
chapter.sentence,344115,344228,21
chapter.sentence,344229,344278,22
chapter.sentence,344279,344352,23
chapter.sentence,344353,344395,24
chapter.sentence,344396,344489,25
chapter.sentence,344490,344517,26
chapter.sentence,344518,344540,27
chapter.sentence,344541,344572,28
chapter.sentence,344573,344603,29
chapter.sentence,344604,344633,30
chapter.sentence,344634,344649,31
chapter.sentence,344650,344689,32
chapter.sentence,344690,344698,33
chapter.sentence,344699,344722,34
chapter.sentence,344723,344769,35
chapter.sentence,344770,344817,36
chapter.sentence,344818,344885,37
chapter.sentence,344886,345013,38
chapter.sentence,345014,345062,39
chapter.sentence,345063,345082,40
chapter.sentence,345083,345133,41
chapter.sentence,345134,345362,42
chapter.sentence,345363,345500,43
chapter.sentence,345501,345586,44
chapter.sentence,345587,345668,45
chapter.sentence,345669,345743,46
chapter.sentence,345744,345972,47
chapter.sentence,345973,346095,48
chapter.sentence,346096,346153,49
chapter.sentence,346154,346220,50
chapter.sentence,346221,346252,51
chapter.sentence,346253,346271,52
chapter.sentence,346272,346277,53
chapter.sentence,346278,346372,54
chapter.sentence,346373,346412,55
chapter.sentence,346413,346428,56
chapter.sentence,346429,346439,57
chapter.sentence,346440,346449,58
chapter.sentence,346450,346455,59
chapter.sentence,346456,346489,60
chapter.sentence,346490,346586,61
chapter.sentence,346587,346597,62
chapter.sentence,346598,346636,63
chapter.sentence,346637,346746,64
chapter.sentence,346747,346785,65
chapter.sentence,346786,346823,66
chapter.sentence,346824,346847,67
chapter.sentence,346848,346906,68
chapter.sentence,346907,346977,69
chapter.sentence,346978,347075,70
chapter.sentence,347076,347097,71
chapter.sentence,347098,347167,72
chapter.sentence,347168,347216,73
chapter.sentence,347217,347356,74
chapter.sentence,347357,347411,75
chapter.sentence,347412,347458,76
chapter.sentence,347459,347502,77
chapter.sentence,347503,347518,78
chapter.sentence,347519,347538,79
chapter.sentence,347539,347582,80
chapter.sentence,347583,347802,81
chapter.sentence,347803,347877,82
chapter.sentence,347878,347973,83
chapter.sentence,347974,348017,84
chapter.sentence,348018,348086,85
chapter.sentence,348087,348092,86
chapter.sentence,348093,348132,87
chapter.sentence,348133,348163,88
chapter.sentence,348164,348241,89
chapter.sentence,348242,348264,90
chapter.sentence,348265,348277,91
chapter.sentence,348278,348288,92
chapter.sentence,348289,348380,93
chapter.sentence,348381,348487,94
chapter.sentence,348488,348515,95
chapter.sentence,348516,348556,96
chapter.sentence,348557,348593,97
chapter.sentence,348594,348619,98
chapter.sentence,348620,348651,99
chapter.sentence,348652,348824,100
chapter.sentence,348825,348838,101
chapter.sentence,348839,348848,102
chapter.sentence,348849,348862,103
chapter.sentence,348863,349003,104
chapter.sentence,349004,349038,105
chapter.sentence,349039,349045,106
chapter.sentence,349046,349078,107
chapter.sentence,349079,349186,108
chapter.sentence,349187,349227,109
chapter.sentence,349228,349326,110
chapter.sentence,349327,349375,111
chapter.sentence,349376,349403,112
chapter.sentence,349404,349440,113
chapter.sentence,349441,349456,114
chapter.sentence,349457,349476,115
chapter.sentence,349477,349490,116
chapter.sentence,349491,349542,117
chapter.sentence,349543,349637,118
chapter.sentence,349638,349679,119
chapter.sentence,349680,349712,120
chapter.sentence,349713,349740,121
chapter.sentence,349741,349782,122
chapter.sentence,349783,349802,123
chapter.sentence,349803,349907,124
chapter.sentence,349908,349913,125
chapter.sentence,349914,349921,126
chapter.sentence,349922,350018,127
chapter.sentence,350019,350115,128
chapter.sentence,350116,350172,129
chapter.sentence,350173,350186,130
chapter.sentence,350187,350218,131
chapter.sentence,350219,350245,132
chapter.sentence,350246,350282,133
chapter.sentence,350283,350298,134
chapter.sentence,350299,350353,135
chapter.sentence,350354,350430,136
chapter.sentence,350431,350454,137
chapter.sentence,350455,350716,138
chapter.sentence,350717,350745,139
chapter.sentence,350746,350772,140
chapter.sentence,350773,350782,141
chapter.sentence,350783,350788,142
chapter.sentence,350789,350851,143
chapter.sentence,350852,350916,144
chapter.sentence,350917,350936,145
chapter.sentence,350937,350980,146
chapter.sentence,350981,351066,147
chapter.sentence,351067,351675,148
chapter.sentence,351676,351716,149
chapter.sentence,351717,351895,150
chapter.sentence,351896,351984,151
chapter.sentence,351985,352011,152
chapter.sentence,352012,352097,153
chapter.sentence,352098,352151,154
chapter.sentence,352152,352209,155
chapter.sentence,352210,352302,156
chapter.sentence,352303,352347,157
chapter.sentence,352348,352488,158
chapter.sentence,352489,352535,159
chapter.sentence,352536,352571,160
chapter.sentence,352572,352604,161
chapter.sentence,352605,352702,162
chapter.sentence,352703,352745,163
chapter.sentence,352746,352775,164
chapter.sentence,352776,352823,165
chapter.sentence,352824,352980,166
chapter.sentence,352981,353042,167
chapter.sentence,353043,353074,168
chapter.sentence,353075,353131,169
chapter.sentence,353132,353171,170
chapter.sentence,353172,353230,171
chapter.sentence,353231,353293,172
chapter.sentence,353294,353310,173
chapter.sentence,353311,353328,174
chapter.sentence,353329,353334,175
chapter.sentence,353335,353364,176
chapter.sentence,353365,353403,177
chapter.sentence,353404,353461,178
chapter.sentence,353462,353525,179
chapter.sentence,353526,353547,180
chapter.sentence,353548,353561,181
chapter.sentence,353562,353577,182
chapter.sentence,353578,353678,183
chapter.sentence,353679,353699,184
chapter.sentence,353700,353729,185
chapter.sentence,353730,353739,186
chapter.sentence,353740,353787,187
chapter.sentence,353788,353808,188
chapter.sentence,353809,353880,189
chapter.sentence,353881,353915,190
chapter.sentence,353916,353936,191
chapter.sentence,353937,354067,192
chapter.sentence,354068,354138,193
chapter.sentence,354139,354249,194
chapter.sentence,354250,354314,195
chapter.sentence,354315,354378,196
chapter.sentence,354379,354450,197
chapter.sentence,354451,354485,198
chapter.sentence,354486,354640,199
chapter.sentence,354641,354672,200
chapter.sentence,354673,354717,201
chapter.sentence,354718,354840,202
chapter.sentence,354841,354880,203
chapter.sentence,354881,354915,204
chapter.sentence,354916,354956,205
chapter.sentence,354957,355005,206
chapter.sentence,355006,355067,207
chapter.sentence,355068,355090,208
chapter.sentence,355091,355100,209
chapter.sentence,355101,355125,210
chapter.sentence,355126,355240,211
chapter.sentence,355241,355387,212
chapter.sentence,355388,355405,213
chapter.sentence,355406,355622,214
chapter.sentence,355623,355750,215
chapter.sentence,355751,355854,216
chapter.sentence,355855,355898,217
chapter.sentence,355899,355917,218
chapter.sentence,355918,355949,219
chapter.sentence,355950,356055,220
chapter.sentence,356056,356075,221
chapter.sentence,356076,356325,222
chapter.sentence,356326,356361,223
chapter.sentence,356362,356435,224
chapter.sentence,356436,356467,225
chapter.sentence,356468,356492,226
chapter.sentence,356493,356535,227
chapter.sentence,356536,356570,228
chapter.sentence,356571,356591,229
chapter.sentence,356592,356613,230
chapter.sentence,356614,356659,231
chapter.sentence,356660,356758,232
chapter.sentence,356759,356848,233
chapter.sentence,356849,356953,234
chapter.sentence,356954,356998,235
chapter.sentence,356999,357063,236
chapter.sentence,357064,357187,237
chapter.sentence,357188,357227,238
chapter.sentence,357228,357240,239
chapter.sentence,357241,357418,240
chapter.sentence,357419,357444,241
chapter.sentence,357445,357596,242
chapter.sentence,357597,357646,243
chapter.sentence,357647,357677,244
chapter.sentence,357678,357821,245
chapter.sentence,357822,357912,246
chapter.sentence,357913,357952,247
chapter.sentence,357953,358012,248
chapter.sentence,358013,358038,249
chapter.sentence,358039,358078,250
chapter.sentence,358079,358134,251
chapter.sentence,358135,358243,252
chapter.sentence,358244,358339,253
chapter.sentence,358340,358398,254
chapter.sentence,358399,358418,255
chapter.sentence,358419,358444,256
chapter.sentence,358445,358467,257
chapter.sentence,358468,358484,258
chapter.sentence,358485,358525,259
chapter.sentence,358526,358570,260
chapter.sentence,358571,358606,261
chapter.sentence,358607,358693,262
chapter.sentence,358694,358860,263
chapter.sentence,358861,358920,264
chapter.sentence,358921,358928,265
chapter.sentence,358929,358960,266
chapter.sentence,358961,358990,267
chapter.sentence,358991,359006,268
chapter.sentence,359007,359046,269
chapter.sentence,359047,359126,270
chapter.sentence,359127,359216,271
chapter.sentence,359217,359259,272
chapter.sentence,359260,359294,273
chapter.sentence,359295,359320,274
chapter.sentence,359321,359372,275
chapter.sentence,359373,359387,276
chapter.sentence,359388,359404,277
chapter.sentence,359405,359467,278
chapter.sentence,359468,359528,279
chapter.sentence,359529,359565,280
chapter.sentence,359566,359713,281
chapter.sentence,359714,359756,282
chapter.sentence,359757,359770,283
chapter.sentence,359771,359784,284
chapter.sentence,359785,359809,285
chapter.sentence,359810,359864,286
chapter.sentence,359865,359903,287
chapter.sentence,359904,359957,288
chapter.sentence,359958,360031,289
chapter.sentence,360032,360117,290
chapter.sentence,360118,360141,291
chapter.sentence,360142,360159,292
chapter.sentence,360160,360175,293
chapter.sentence,360176,360222,294
chapter.sentence,360223,360238,295
chapter.sentence,360239,360302,296
chapter.sentence,360303,360315,297
chapter.sentence,360316,360372,298
chapter.sentence,360373,360417,299
chapter.sentence,360418,360506,300
chapter.sentence,360507,360533,301
chapter.sentence,360534,360604,302
chapter.sentence,360605,360643,303
chapter.sentence,360644,360674,304
chapter.sentence,360675,360739,305
chapter.sentence,360740,360760,306
chapter.sentence,360761,360833,307
chapter.sentence,360834,360861,308
chapter.sentence,360862,360979,309
chapter.sentence,360980,361027,310
chapter.sentence,361028,361127,311
chapter.sentence,361128,361243,312
chapter.sentence,361244,361393,313
chapter.sentence,361394,361454,314
chapter.sentence,361455,361481,315
chapter.sentence,361482,361492,316
chapter.sentence,361493,361596,317
chapter.sentence,361597,361739,318
chapter.sentence,361740,361841,319
chapter.sentence,361842,362001,320
chapter.sentence,362002,362129,321
chapter.sentence,362130,362184,322
chapter.sentence,362185,362207,323
chapter.sentence,362208,362233,324
chapter.sentence,362234,362269,325
chapter.sentence,362270,362340,326
chapter.sentence,362341,362406,327
chapter.sentence,362407,362490,328
chapter.sentence,362491,362542,329
chapter.sentence,362543,362558,330
chapter.sentence,362559,362589,331
chapter.sentence,362590,362686,332
chapter.sentence,362687,362731,333
chapter.sentence,362732,362743,334
chapter.sentence,362744,362760,335
chapter.sentence,362761,362774,336
chapter.sentence,362775,362780,337
chapter.sentence,362781,362808,338
chapter.sentence,362809,362915,339
chapter.sentence,362916,362952,340
chapter.sentence,362953,362997,341
chapter.sentence,362998,363032,342
chapter.sentence,363033,363060,343
chapter.sentence,363061,363070,344
chapter.sentence,363071,363185,345
chapter.sentence,363186,363211,346
chapter.sentence,363212,363254,347
chapter.sentence,363255,363381,348
chapter.sentence,363382,363440,349
chapter.sentence,363441,363520,350
chapter.sentence,363521,363584,351
chapter.sentence,363585,363701,352
chapter.sentence,363702,363812,353
chapter.sentence,363813,363962,354
chapter.sentence,363963,364066,355
chapter.sentence,364067,364134,356
chapter.sentence,364135,364307,357
chapter.sentence,364308,364421,358
chapter.sentence,364422,364521,359
chapter.sentence,364522,364615,360
chapter.sentence,364616,364665,361
chapter.sentence,364666,364699,362
chapter.sentence,364700,364762,363
chapter.sentence,364763,364808,364
chapter.sentence,364809,364886,365
chapter.sentence,364887,364960,366
chapter.sentence,364961,365003,367
chapter.sentence,365004,365043,368
chapter.sentence,365044,365085,369
chapter.sentence,365086,365110,370
chapter.sentence,365111,365222,371
chapter.sentence,365223,365344,372
chapter.sentence,365345,365430,373
chapter.sentence,365431,365513,374
chapter.sentence,365514,365675,375
chapter.sentence,365676,365687,376
chapter.sentence,365688,365719,377
chapter.sentence,365720,365741,378
chapter.sentence,365742,365867,379
chapter.sentence,365868,365896,380
chapter.sentence,365897,365944,381
chapter.sentence,365945,366018,382
chapter.sentence,366019,366044,383
chapter.sentence,366045,366129,384
chapter.sentence,366130,366212,385
chapter.sentence,366213,366293,386
chapter.sentence,366294,366300,387
chapter.sentence,366301,366330,388
chapter.sentence,366331,366358,389
chapter.sentence,366359,366442,390
chapter.sentence,366443,366459,391
chapter.sentence,366460,366474,392
chapter.sentence,366475,366547,393
chapter.sentence,366548,366565,394
chapter.sentence,366566,366682,395
chapter.sentence,366683,366960,396
chapter.sentence,366961,367058,397
chapter.sentence,367059,367169,398
chapter.sentence,367170,367262,399
chapter.sentence,367263,367280,400
chapter.sentence,367281,367291,401
chapter.sentence,367292,367306,402
chapter.sentence,367307,367342,403
chapter.sentence,367343,367398,404
chapter.sentence,367399,367546,405
chapter.sentence,367547,367757,406
chapter.sentence,367758,367878,407
chapter.sentence,367879,367913,408
chapter.sentence,367914,367956,409
chapter.sentence,367957,368004,410
chapter.sentence,368005,368013,411
chapter.sentence,368014,368051,412
chapter.sentence,368052,368101,413
chapter.sentence,368102,368164,414
chapter.sentence,368165,368205,415
chapter.sentence,368206,368230,416
chapter.sentence,368231,368247,417
chapter.sentence,368248,368320,418
chapter.sentence,368321,368354,419
chapter.sentence,368355,368406,420
chapter.sentence,368407,368435,421
chapter.sentence,368436,368446,422
chapter.sentence,368447,368471,423
chapter.sentence,368472,368499,424
chapter.sentence,368500,368529,425
chapter.sentence,368530,368561,426
chapter.sentence,368562,368647,427
chapter.sentence,368648,368665,428
chapter.sentence,368666,368712,429
chapter.sentence,368713,368923,430
chapter.sentence,368924,369017,431
chapter.sentence,369018,369082,432
chapter.sentence,369083,369158,433
chapter.sentence,369159,369246,434
chapter.sentence,369247,369305,435
chapter.sentence,369306,369340,436
chapter.sentence,369341,369378,437
chapter.sentence,369379,369445,438
chapter.sentence,369446,369484,439
chapter.sentence,369485,369491,440
chapter.sentence,369492,369515,441
chapter.sentence,369516,369537,442
chapter.sentence,369575,369642,1
chapter.sentence,369643,369663,2
chapter.sentence,369664,369689,3
chapter.sentence,369690,369782,4
chapter.sentence,369783,369900,5
chapter.sentence,369901,369927,6
chapter.sentence,369928,369938,7
chapter.sentence,369939,370103,8
chapter.sentence,370104,370120,9
chapter.sentence,370121,370181,10
chapter.sentence,370182,370221,11
chapter.sentence,370222,370304,12
chapter.sentence,370305,370397,13
chapter.sentence,370398,370546,14
chapter.sentence,370547,370643,15
chapter.sentence,370644,370661,16
chapter.sentence,370662,370890,17
chapter.sentence,370891,371137,18
chapter.sentence,371138,371148,19
chapter.sentence,371149,371249,20
chapter.sentence,371250,371406,21
chapter.sentence,371407,371487,22
chapter.sentence,371488,371528,23
chapter.sentence,371529,371542,24
chapter.sentence,371543,371595,25
chapter.sentence,371596,371730,26
chapter.sentence,371731,371821,27
chapter.sentence,371822,371908,28
chapter.sentence,371909,371939,29
chapter.sentence,371940,371988,30
chapter.sentence,371989,372091,31
chapter.sentence,372092,372125,32
chapter.sentence,372126,372353,33
chapter.sentence,372354,372388,34
chapter.sentence,372389,372402,35
chapter.sentence,372403,372426,36
chapter.sentence,372427,372480,37
chapter.sentence,372481,372511,38
chapter.sentence,372512,372553,39
chapter.sentence,372554,372581,40
chapter.sentence,372582,372694,41
chapter.sentence,372695,372828,42
chapter.sentence,372829,372860,43
chapter.sentence,372861,372898,44
chapter.sentence,372899,372949,45
chapter.sentence,372950,373029,46
chapter.sentence,373030,373167,47
chapter.sentence,373168,373207,48
chapter.sentence,373208,373243,49
chapter.sentence,373244,373267,50
chapter.sentence,373268,373321,51
chapter.sentence,373322,373334,52
chapter.sentence,373335,373365,53
chapter.sentence,373366,373381,54
chapter.sentence,373382,373395,55
chapter.sentence,373396,373409,56
chapter.sentence,373410,373476,57
chapter.sentence,373477,373497,58
chapter.sentence,373498,373523,59
chapter.sentence,373524,373575,60
chapter.sentence,373576,373619,61
chapter.sentence,373620,373643,62
chapter.sentence,373644,373715,63
chapter.sentence,373716,373784,64
chapter.sentence,373785,373837,65
chapter.sentence,373838,373887,66
chapter.sentence,373888,373969,67
chapter.sentence,373970,374043,68
chapter.sentence,374044,374134,69
chapter.sentence,374135,374200,70
chapter.sentence,374201,374524,71
chapter.sentence,374525,374677,72
chapter.sentence,374678,374780,73
chapter.sentence,374781,375031,74
chapter.sentence,375032,375174,75
chapter.sentence,375175,375219,76
chapter.sentence,375220,375402,77
chapter.sentence,375403,375466,78
chapter.sentence,375467,375473,79
chapter.sentence,375474,375556,80
chapter.sentence,375557,375607,81
chapter.sentence,375608,375636,82
chapter.sentence,375637,375663,83
chapter.sentence,375664,375752,84
chapter.sentence,375753,375863,85
chapter.sentence,375864,375991,86
chapter.sentence,375992,376070,87
chapter.sentence,376071,376306,88
chapter.sentence,376307,376363,89
chapter.sentence,376364,376386,90
chapter.sentence,376387,376393,91
chapter.sentence,376394,376473,92
chapter.sentence,376474,376560,93
chapter.sentence,376561,376597,94
chapter.sentence,376598,376713,95
chapter.sentence,376714,376781,96
chapter.sentence,376782,376806,97
chapter.sentence,376807,376891,98
chapter.sentence,376892,376921,99
chapter.sentence,376922,376977,100
chapter.sentence,376978,377026,101
chapter.sentence,377027,377083,102
chapter.sentence,377084,377221,103
chapter.sentence,377222,377303,104
chapter.sentence,377304,377449,105
chapter.sentence,377450,377531,106
chapter.sentence,377532,377729,107
chapter.sentence,377730,377782,108
chapter.sentence,377783,377892,109
chapter.sentence,377893,377943,110
chapter.sentence,377944,377993,111
chapter.sentence,377994,378042,112
chapter.sentence,378043,378114,113
chapter.sentence,378115,378128,114
chapter.sentence,378129,378169,115
chapter.sentence,378170,378275,116
chapter.sentence,378276,378320,117
chapter.sentence,378321,378373,118
chapter.sentence,378374,378488,119
chapter.sentence,378489,378615,120
chapter.sentence,378616,378661,121
chapter.sentence,378662,378762,122
chapter.sentence,378763,378788,123
chapter.sentence,378789,378826,124
chapter.sentence,378827,378887,125
chapter.sentence,378888,378942,126
chapter.sentence,378943,378981,127
chapter.sentence,378982,379100,128
chapter.sentence,379101,379145,129
chapter.sentence,379146,379251,130
chapter.sentence,379252,379348,131
chapter.sentence,379349,379435,132
chapter.sentence,379436,379474,133
chapter.sentence,379475,379533,134
chapter.sentence,379534,379559,135
chapter.sentence,379560,379642,136
chapter.sentence,379643,379676,137
chapter.sentence,379677,379699,138
chapter.sentence,379700,379811,139
chapter.sentence,379812,379873,140
chapter.sentence,379874,379911,141
chapter.sentence,379912,379975,142
chapter.sentence,379976,380034,143
chapter.sentence,380035,380133,144
chapter.sentence,380134,380182,145
chapter.sentence,380183,380203,146
chapter.sentence,380204,380255,147
chapter.sentence,380256,380283,148
chapter.sentence,380284,380358,149
chapter.sentence,380359,380388,150
chapter.sentence,380389,380463,151
chapter.sentence,380464,380537,152
chapter.sentence,380538,380568,153
chapter.sentence,380569,380693,154
chapter.sentence,380694,380843,155
chapter.sentence,380844,380915,156
chapter.sentence,380916,381195,157
chapter.sentence,381196,381230,158
chapter.sentence,381231,381282,159
chapter.sentence,381283,381436,160
chapter.sentence,381437,381609,161
chapter.sentence,381610,381772,162
chapter.sentence,381773,381933,163
chapter.sentence,381934,382008,164
chapter.sentence,382009,382223,165
chapter.sentence,382224,382396,166
chapter.sentence,382397,382447,167
chapter.sentence,382448,382461,168
chapter.sentence,382462,382559,169
chapter.sentence,382560,382613,170
chapter.sentence,382614,382648,171
chapter.sentence,382649,382728,172
chapter.sentence,382729,382818,173
chapter.sentence,382819,382898,174
chapter.sentence,382899,383001,175
chapter.sentence,383002,383046,176
chapter.sentence,383047,383153,177
chapter.sentence,383154,383250,178
chapter.sentence,383251,383291,179
chapter.sentence,383292,383411,180
chapter.sentence,383412,383490,181
chapter.sentence,383491,383700,182
chapter.sentence,383701,383814,183
chapter.sentence,383815,383905,184
chapter.sentence,383952,384037,1
chapter.sentence,384038,384077,2
chapter.sentence,384078,384238,3
chapter.sentence,384239,384580,4
chapter.sentence,384581,384638,5
chapter.sentence,384639,384977,6
chapter.sentence,384978,385266,7
chapter.sentence,385267,385309,8
chapter.sentence,385310,385351,9
chapter.sentence,385352,385419,10
chapter.sentence,385420,385614,11
chapter.sentence,385615,385696,12
chapter.sentence,385697,385726,13
chapter.sentence,385727,385736,14
chapter.sentence,385737,385934,15
chapter.sentence,385935,386002,16
chapter.sentence,386003,386047,17
chapter.sentence,386048,386278,18
chapter.sentence,386279,386326,19
chapter.sentence,386327,386444,20
chapter.sentence,386445,386466,21
chapter.sentence,386467,386480,22
chapter.sentence,386481,386548,23
chapter.sentence,386549,386680,24
chapter.sentence,386681,386744,25
chapter.sentence,386745,386827,26
chapter.sentence,386828,386948,27
chapter.sentence,386949,386976,28
chapter.sentence,386977,386988,29
chapter.sentence,386989,387032,30
chapter.sentence,387033,387059,31
chapter.sentence,387060,387095,32
chapter.sentence,387096,387289,33
chapter.sentence,387290,387383,34
chapter.sentence,387384,387553,35
chapter.sentence,387554,387591,36
chapter.sentence,387592,387699,37
chapter.sentence,387700,387838,38
chapter.sentence,387839,387929,39
chapter.sentence,387930,388059,40
chapter.sentence,388060,388115,41
chapter.sentence,388116,388149,42
chapter.sentence,388150,388184,43
chapter.sentence,388185,388190,44
chapter.sentence,388191,388200,45
chapter.sentence,388201,388323,46
chapter.sentence,388324,388413,47
chapter.sentence,388414,388575,48
chapter.sentence,388576,388604,49
chapter.sentence,388605,388654,50
chapter.sentence,388655,388729,51
chapter.sentence,388730,388860,52
chapter.sentence,388861,388873,53
chapter.sentence,388874,388933,54
chapter.sentence,388934,389278,55
chapter.sentence,389279,389328,56
chapter.sentence,389329,389490,57
chapter.sentence,389491,389578,58
chapter.sentence,389579,389653,59
chapter.sentence,389654,389670,60
chapter.sentence,389671,389688,61
chapter.sentence,389689,389928,62
chapter.sentence,389929,389992,63
chapter.sentence,389993,390056,64
chapter.sentence,390057,390197,65
chapter.sentence,390198,390361,66
chapter.sentence,390362,390518,67
chapter.sentence,390519,390657,68
chapter.sentence,390658,390695,69
chapter.sentence,390696,390787,70
chapter.sentence,390788,390879,71
chapter.sentence,390880,390947,72
chapter.sentence,390948,391032,73
chapter.sentence,391033,391153,74
chapter.sentence,391154,391194,75
chapter.sentence,391195,391208,76
chapter.sentence,391209,391265,77
chapter.sentence,391266,391294,78
chapter.sentence,391295,391369,79
chapter.sentence,391370,391378,80
chapter.sentence,391379,391391,81
chapter.sentence,391392,391401,82
chapter.sentence,391402,391458,83
chapter.sentence,391459,391476,84
chapter.sentence,391477,391522,85
chapter.sentence,391523,391550,86
chapter.sentence,391551,391639,87
chapter.sentence,391640,391724,88
chapter.sentence,391725,391759,89
chapter.sentence,391760,391816,90
chapter.sentence,391817,391891,91
chapter.sentence,391892,391966,92
chapter.sentence,391967,392037,93
chapter.sentence,392038,392149,94
chapter.sentence,392150,392173,95
chapter.sentence,392174,392199,96
chapter.sentence,392200,392303,97
chapter.sentence,392304,392347,98
chapter.sentence,392348,392389,99
chapter.sentence,392390,392412,100
chapter.sentence,392413,392604,101
chapter.sentence,392605,392662,102
chapter.sentence,392663,392731,103
chapter.sentence,392732,392754,104
chapter.sentence,392755,392797,105
chapter.sentence,392798,392838,106
chapter.sentence,392839,392877,107
chapter.sentence,392878,392913,108
chapter.sentence,392914,392933,109
chapter.sentence,392934,392960,110
chapter.sentence,392961,392991,111
chapter.sentence,392992,393050,112
chapter.sentence,393051,393079,113
chapter.sentence,393080,393089,114
chapter.sentence,393090,393109,115
chapter.sentence,393110,393131,116
chapter.sentence,393132,393148,117
chapter.sentence,393149,393167,118
chapter.sentence,393168,393196,119
chapter.sentence,393197,393219,120
chapter.sentence,393220,393321,121
chapter.sentence,393322,393439,122
chapter.sentence,393440,393541,123
chapter.sentence,393542,393566,124
chapter.sentence,393567,393584,125
chapter.sentence,393585,393600,126
chapter.sentence,393601,393695,127
chapter.sentence,393696,393719,128
chapter.sentence,393720,393816,129
chapter.sentence,393817,393877,130
chapter.sentence,393878,393960,131
chapter.sentence,393961,393988,132
chapter.sentence,393989,394122,133
chapter.sentence,394123,394190,134
chapter.sentence,394191,394264,135
chapter.sentence,394265,394298,136
chapter.sentence,394299,394331,137
chapter.sentence,394332,394355,138
chapter.sentence,394356,394439,139
chapter.sentence,394440,394459,140
chapter.sentence,394460,394535,141
chapter.sentence,394536,394557,142
chapter.sentence,394558,394626,143
chapter.sentence,394627,394766,144
chapter.sentence,394767,394959,145
chapter.sentence,394960,394994,146
chapter.sentence,394995,395004,147
chapter.sentence,395005,395019,148
chapter.sentence,395020,395163,149
chapter.sentence,395164,395183,150
chapter.sentence,395184,395264,151
chapter.sentence,395265,395397,152
chapter.sentence,395398,395432,153
chapter.sentence,395433,395483,154
chapter.sentence,395484,395534,155
chapter.sentence,395535,395545,156
chapter.sentence,395546,395653,157
chapter.sentence,395654,395669,158
chapter.sentence,395670,395708,159
chapter.sentence,395709,395734,160
chapter.sentence,395735,395787,161
chapter.sentence,395788,395824,162
chapter.sentence,395825,395849,163
chapter.sentence,395850,395946,164
chapter.sentence,395947,396018,165
chapter.sentence,396019,396075,166
chapter.sentence,396076,396129,167
chapter.sentence,396130,396164,168
chapter.sentence,396165,396181,169
chapter.sentence,396182,396201,170
chapter.sentence,396202,396334,171
chapter.sentence,396335,396397,172
chapter.sentence,396398,396440,173
chapter.sentence,396441,396498,174
chapter.sentence,396499,396566,175
chapter.sentence,396567,396606,176
chapter.sentence,396607,396647,177
chapter.sentence,396648,396687,178
chapter.sentence,396688,396732,179
chapter.sentence,396733,396778,180
chapter.sentence,396779,396882,181
chapter.sentence,396883,396946,182
chapter.sentence,396947,396976,183
chapter.sentence,396977,397017,184
chapter.sentence,397018,397040,185
chapter.sentence,397041,397057,186
chapter.sentence,397058,397094,187
chapter.sentence,397095,397127,188
chapter.sentence,397128,397189,189
chapter.sentence,397190,397223,190
chapter.sentence,397224,397298,191
chapter.sentence,397299,397420,192
chapter.sentence,397421,397449,193
chapter.sentence,397450,397499,194
chapter.sentence,397500,397521,195
chapter.sentence,397522,397555,196
chapter.sentence,397556,397591,197
chapter.sentence,397592,397627,198
chapter.sentence,397628,397696,199
chapter.sentence,397697,397731,200
chapter.sentence,397732,397756,201
chapter.sentence,397757,397785,202
chapter.sentence,397786,397846,203
chapter.sentence,397847,397854,204
chapter.sentence,397855,397866,205
chapter.sentence,397867,397908,206
chapter.sentence,397909,397915,207
chapter.sentence,397916,397955,208
chapter.sentence,397956,398043,209
chapter.sentence,398044,398119,210
chapter.sentence,398120,398145,211
chapter.sentence,398146,398150,212
chapter.sentence,398151,398201,213
chapter.sentence,398202,398299,214
chapter.sentence,398300,398358,215
chapter.sentence,398359,398439,216
chapter.sentence,398440,398525,217
chapter.sentence,398526,398662,218
chapter.sentence,398663,398675,219
chapter.sentence,398676,398769,220
chapter.sentence,398770,398810,221
chapter.sentence,398811,398841,222
chapter.sentence,398842,398875,223
chapter.sentence,398876,398907,224
chapter.sentence,398908,399076,225
chapter.sentence,399077,399184,226
chapter.sentence,399185,399325,227
chapter.sentence,399326,399398,228
chapter.sentence,399399,399675,229
chapter.sentence,399676,399838,230
chapter.sentence,399839,399967,231
chapter.sentence,399968,400000,232
chapter.sentence,400001,400021,233
chapter.sentence,400022,400037,234
chapter.sentence,400038,400078,235
chapter.sentence,400079,400112,236
chapter.sentence,400113,400158,237
chapter.sentence,400159,400186,238
chapter.sentence,400187,400207,239
chapter.sentence,400208,400232,240
chapter.sentence,400233,400295,241
chapter.sentence,400296,400441,242
chapter.sentence,400442,400474,243
chapter.sentence,400475,400508,244
chapter.sentence,400509,400522,245
chapter.sentence,400523,400579,246
chapter.sentence,400580,400618,247
chapter.sentence,400619,400687,248
chapter.sentence,400688,400706,249
chapter.sentence,400707,400724,250
chapter.sentence,400725,400748,251
chapter.sentence,400749,400904,252
chapter.sentence,400905,400943,253
chapter.sentence,400944,400965,254
chapter.sentence,400966,401031,255
chapter.sentence,401032,401083,256
chapter.sentence,401084,401289,257
chapter.sentence,401290,401454,258
chapter.sentence,401455,401541,259
chapter.sentence,401542,401592,260
chapter.sentence,401593,401723,261
chapter.sentence,401724,401809,262
chapter.sentence,401810,401835,263
chapter.sentence,401836,401857,264
chapter.sentence,401858,401875,265
chapter.sentence,401876,401986,266
chapter.sentence,401987,402101,267
chapter.sentence,402102,402153,268
chapter.sentence,402154,402172,269
chapter.sentence,402173,402242,270
chapter.sentence,402243,402272,271
chapter.sentence,402273,402289,272
chapter.sentence,402290,402325,273
chapter.sentence,402326,402345,274
chapter.sentence,402346,402411,275
chapter.sentence,402412,402527,276
chapter.sentence,402528,402638,277
chapter.sentence,402639,402787,278
chapter.sentence,402788,402857,279
chapter.sentence,402858,403022,280
chapter.sentence,403023,403118,281
chapter.sentence,403119,403215,282
chapter.sentence,403216,403259,283
chapter.sentence,403260,403333,284
chapter.sentence,403334,403385,285
chapter.sentence,403386,403439,286
chapter.sentence,403440,403486,287
chapter.sentence,403487,403531,288
chapter.sentence,403532,403573,289
chapter.sentence,403574,403796,290
chapter.sentence,403797,403824,291
chapter.sentence,403825,403850,292
chapter.sentence,403851,403889,293
chapter.sentence,403890,403906,294
chapter.sentence,403940,403962,1
chapter.sentence,403963,404062,2
chapter.sentence,404063,404107,3
chapter.sentence,404108,404320,4
chapter.sentence,404321,404366,5
chapter.sentence,404367,404423,6
chapter.sentence,404424,404533,7
chapter.sentence,404534,404584,8
chapter.sentence,404585,404806,9
chapter.sentence,404807,404837,10
chapter.sentence,404838,404921,11
chapter.sentence,404922,404950,12
chapter.sentence,404951,404964,13
chapter.sentence,404965,404994,14
chapter.sentence,404995,405090,15
chapter.sentence,405091,405142,16
chapter.sentence,405143,405185,17
chapter.sentence,405186,405341,18
chapter.sentence,405342,405436,19
chapter.sentence,405437,405485,20
chapter.sentence,405486,405616,21
chapter.sentence,405617,405648,22
chapter.sentence,405649,405679,23
chapter.sentence,405680,405705,24
chapter.sentence,405706,405757,25
chapter.sentence,405758,405781,26
chapter.sentence,405782,405820,27
chapter.sentence,405821,405848,28
chapter.sentence,405849,405854,29
chapter.sentence,405855,405903,30
chapter.sentence,405904,405996,31
chapter.sentence,405997,406030,32
chapter.sentence,406031,406071,33
chapter.sentence,406072,406165,34
chapter.sentence,406166,406200,35
chapter.sentence,406201,406247,36
chapter.sentence,406248,406276,37
chapter.sentence,406277,406308,38
chapter.sentence,406309,406425,39
chapter.sentence,406426,406449,40
chapter.sentence,406450,406519,41
chapter.sentence,406520,406619,42
chapter.sentence,406620,406723,43
chapter.sentence,406724,406745,44
chapter.sentence,406746,406774,45
chapter.sentence,406775,406791,46
chapter.sentence,406792,406824,47
chapter.sentence,406825,406851,48
chapter.sentence,406852,407318,49
chapter.sentence,407319,407412,50
chapter.sentence,407413,407441,51
chapter.sentence,407442,407470,52
chapter.sentence,407471,407524,53
chapter.sentence,407525,407585,54
chapter.sentence,407586,407685,55
chapter.sentence,407686,407779,56
chapter.sentence,407780,407810,57
chapter.sentence,407811,407850,58
chapter.sentence,407851,407885,59
chapter.sentence,407886,408042,60
chapter.sentence,408043,408127,61
chapter.sentence,408128,408180,62
chapter.sentence,408181,408278,63
chapter.sentence,408279,408538,64
chapter.sentence,408539,408587,65
chapter.sentence,408588,408862,66
chapter.sentence,408863,408954,67
chapter.sentence,408955,409011,68
chapter.sentence,409012,409047,69
chapter.sentence,409048,409089,70
chapter.sentence,409090,409186,71
chapter.sentence,409187,409338,72
chapter.sentence,409339,409359,73
chapter.sentence,409360,409487,74
chapter.sentence,409488,409568,75
chapter.sentence,409569,409803,76
chapter.sentence,409804,410141,77
chapter.sentence,410142,410275,78
chapter.sentence,410276,410410,79
chapter.sentence,410411,410520,80
chapter.sentence,410521,410596,81
chapter.sentence,410597,410614,82
chapter.sentence,410615,410660,83
chapter.sentence,410661,410838,84
chapter.sentence,410839,410907,85
chapter.sentence,410908,411032,86
chapter.sentence,411033,411167,87
chapter.sentence,411168,411223,88
chapter.sentence,411224,411355,89
chapter.sentence,411356,411480,90
chapter.sentence,411481,411578,91
chapter.sentence,411579,411610,92
chapter.sentence,411611,411638,93
chapter.sentence,411639,411661,94
chapter.sentence,411662,411741,95
chapter.sentence,411742,411835,96
chapter.sentence,411836,411922,97
chapter.sentence,411923,412156,98
chapter.sentence,412157,412417,99
chapter.sentence,412418,412464,100
chapter.sentence,412465,412558,101
chapter.sentence,412559,412658,102
chapter.sentence,412659,412706,103
chapter.sentence,412707,412775,104
chapter.sentence,412776,412841,105
chapter.sentence,412842,412880,106
chapter.sentence,412881,412916,107
chapter.sentence,412917,412948,108
chapter.sentence,412949,413010,109
chapter.sentence,413011,413142,110
chapter.sentence,413143,413164,111
chapter.sentence,413165,413287,112
chapter.sentence,413288,413312,113
chapter.sentence,413313,413457,114
chapter.sentence,413458,413517,115
chapter.sentence,413518,413570,116
chapter.sentence,413571,413635,117
chapter.sentence,413636,413816,118
chapter.sentence,413817,413875,119
chapter.sentence,413876,414064,120
chapter.sentence,414065,414153,121
chapter.sentence,414154,414187,122
chapter.sentence,414188,414259,123
chapter.sentence,414260,414509,124
chapter.sentence,414510,414647,125
chapter.sentence,414648,414783,126
chapter.sentence,414784,414965,127
chapter.sentence,414966,415005,128
chapter.sentence,415006,415085,129
chapter.sentence,415086,415169,130
chapter.sentence,415170,415238,131
chapter.sentence,415239,415261,132
chapter.sentence,415262,415308,133
chapter.sentence,415309,415328,134
chapter.sentence,415329,415354,135
chapter.sentence,415355,415438,136
chapter.sentence,415439,415484,137
chapter.sentence,415485,415532,138
chapter.sentence,415533,415619,139
chapter.sentence,415620,415995,140
chapter.sentence,415996,416067,141
chapter.sentence,416068,416149,142
chapter.sentence,416150,416191,143
chapter.sentence,416192,416307,144
chapter.sentence,416308,416366,145
chapter.sentence,416367,416411,146
chapter.sentence,416412,416470,147
chapter.sentence,416471,416512,148
chapter.sentence,416513,416612,149
chapter.sentence,416613,416733,150
chapter.sentence,416734,416877,151
chapter.sentence,416878,416901,152
chapter.sentence,416902,416939,153
chapter.sentence,416940,416994,154
chapter.sentence,416995,417021,155
chapter.sentence,417022,417184,156
chapter.sentence,417185,417269,157
chapter.sentence,417270,417286,158
chapter.sentence,417287,417400,159
chapter.sentence,417401,417668,160
chapter.sentence,417669,417800,161
chapter.sentence,417801,417880,162
chapter.sentence,417881,417956,163
chapter.sentence,417957,418120,164
chapter.sentence,418121,418309,165
chapter.sentence,418310,418543,166
chapter.sentence,418544,418623,167
chapter.sentence,418624,418676,168
chapter.sentence,418677,418691,169
chapter.sentence,418692,418756,170
chapter.sentence,418757,418787,171
chapter.sentence,418788,418814,172
chapter.sentence,418815,418982,173
chapter.sentence,418983,419092,174
chapter.sentence,419093,419191,175
chapter.sentence,419192,419243,176
chapter.sentence,419244,419260,177
chapter.sentence,419261,419376,178
chapter.sentence,419377,419512,179
chapter.sentence,419513,419659,180
chapter.sentence,419660,419734,181
chapter.sentence,419735,419876,182
chapter.sentence,419877,419899,183
chapter.sentence,419900,420216,184
chapter.sentence,420217,420331,185
chapter.sentence,420332,420441,186
chapter.sentence,420442,420504,187
chapter.sentence,420505,420562,188
chapter.sentence,420563,420572,189
chapter.sentence,420573,420592,190
chapter.sentence,420593,420684,191
chapter.sentence,420685,420776,192
chapter.sentence,420777,420877,193
chapter.sentence,420878,420945,194
chapter.sentence,420946,421059,195
chapter.sentence,421060,421075,196
chapter.sentence,421076,421147,197
chapter.sentence,421148,421183,198
chapter.sentence,421184,421222,199
chapter.sentence,421223,421243,200
chapter.sentence,421244,421261,201
chapter.sentence,421262,421396,202
chapter.sentence,421397,421580,203
chapter.sentence,421581,421600,204
chapter.sentence,421601,421693,205
chapter.sentence,421694,421796,206
chapter.sentence,421797,421905,207
chapter.sentence,421906,421921,208
chapter.sentence,421922,422022,209
chapter.sentence,422023,422091,210
chapter.sentence,422092,422129,211
chapter.sentence,422130,422177,212
chapter.sentence,422178,422344,213
chapter.sentence,422345,422384,214
chapter.sentence,422385,422497,215
chapter.sentence,422498,422549,216
chapter.sentence,422550,422563,217
chapter.sentence,422564,422586,218
chapter.sentence,422587,422613,219
chapter.sentence,422614,422761,220
chapter.sentence,422762,422861,221
chapter.sentence,422862,422886,222
chapter.sentence,422887,422977,223
chapter.sentence,422978,423009,224
chapter.sentence,423010,423029,225
chapter.sentence,423030,423036,226
chapter.sentence,423037,423043,227
chapter.sentence,423044,423135,228
chapter.sentence,423136,423149,229
chapter.sentence,423150,423175,230
chapter.sentence,423176,423332,231
chapter.sentence,423333,423437,232
chapter.sentence,423438,423538,233
chapter.sentence,423539,423601,234
chapter.sentence,423602,423689,235
chapter.sentence,423690,423755,236
chapter.sentence,423756,423834,237
chapter.sentence,423835,423889,238
chapter.sentence,423890,424003,239
chapter.sentence,424004,424215,240
chapter.sentence,424216,424363,241
chapter.sentence,424364,424436,242
chapter.sentence,424437,424606,243
chapter.sentence,424607,424755,244
chapter.sentence,424756,424809,245
chapter.sentence,424810,424902,246
chapter.sentence,424903,424952,247
chapter.sentence,424953,425003,248
chapter.sentence,425004,425088,249
chapter.sentence,425089,425144,250
chapter.sentence,425145,425188,251
chapter.sentence,425189,425223,252
chapter.sentence,425224,425298,253
chapter.sentence,425299,425339,254
chapter.sentence,425340,425568,255
chapter.sentence,425569,425722,256
chapter.sentence,425723,425825,257
chapter.sentence,425826,425869,258
chapter.sentence,425870,425901,259
chapter.sentence,425902,426035,260
chapter.sentence,426036,426075,261
chapter.sentence,426076,426127,262
chapter.sentence,426128,426236,263
chapter.sentence,426237,426352,264
chapter.sentence,426353,426431,265
chapter.sentence,426432,426529,266
chapter.sentence,426530,426556,267
chapter.sentence,426557,426588,268
chapter.sentence,426589,426621,269
chapter.sentence,426622,426660,270
chapter.sentence,426661,426681,271
chapter.sentence,426682,426744,272
chapter.sentence,426745,426772,273
chapter.sentence,426773,426870,274
chapter.sentence,426871,426893,275
chapter.sentence,426894,426903,276
chapter.sentence,426904,426993,277
chapter.sentence,426994,427019,278
chapter.sentence,427020,427222,279
chapter.sentence,427223,427465,280
chapter.sentence,427466,427480,281
chapter.sentence,427481,427518,282
chapter.sentence,427519,427631,283
chapter.sentence,427632,427764,284
chapter.sentence,427765,427772,285
chapter.sentence,427773,427801,286
chapter.sentence,427802,427845,287
chapter.sentence,427885,428000,1
chapter.sentence,428001,428197,2
chapter.sentence,428198,428216,3
chapter.sentence,428217,428230,4
chapter.sentence,428231,428261,5
chapter.sentence,428262,428290,6
chapter.sentence,428291,428387,7
chapter.sentence,428388,428468,8
chapter.sentence,428469,428716,9
chapter.sentence,428717,428748,10
chapter.sentence,428749,428862,11
chapter.sentence,428863,428925,12
chapter.sentence,428926,428976,13
chapter.sentence,428977,429017,14
chapter.sentence,429018,429058,15
chapter.sentence,429059,429125,16
chapter.sentence,429126,429163,17
chapter.sentence,429164,429197,18
chapter.sentence,429198,429262,19
chapter.sentence,429263,429301,20
chapter.sentence,429302,429462,21
chapter.sentence,429463,429508,22
chapter.sentence,429509,429536,23
chapter.sentence,429537,429609,24
chapter.sentence,429610,429664,25
chapter.sentence,429665,429728,26
chapter.sentence,429729,429824,27
chapter.sentence,429825,429963,28
chapter.sentence,429964,430060,29
chapter.sentence,430061,430110,30
chapter.sentence,430111,430147,31
chapter.sentence,430148,430327,32
chapter.sentence,430328,430386,33
chapter.sentence,430387,430490,34
chapter.sentence,430491,430511,35
chapter.sentence,430512,430556,36
chapter.sentence,430557,430585,37
chapter.sentence,430586,430626,38
chapter.sentence,430627,430725,39
chapter.sentence,430726,430752,40
chapter.sentence,430753,430831,41
chapter.sentence,430832,430907,42
chapter.sentence,430908,430940,43
chapter.sentence,430941,430968,44
chapter.sentence,430969,431004,45
chapter.sentence,431005,431044,46
chapter.sentence,431045,431056,47
chapter.sentence,431057,431074,48
chapter.sentence,431075,431226,49
chapter.sentence,431227,431376,50
chapter.sentence,431377,431447,51
chapter.sentence,431448,431474,52
chapter.sentence,431475,431497,53
chapter.sentence,431498,431544,54
chapter.sentence,431545,431618,55
chapter.sentence,431619,431636,56
chapter.sentence,431637,431657,57
chapter.sentence,431658,431703,58
chapter.sentence,431704,431764,59
chapter.sentence,431765,431799,60
chapter.sentence,431800,431887,61
chapter.sentence,431888,431997,62
chapter.sentence,431998,432127,63
chapter.sentence,432128,432252,64
chapter.sentence,432253,432306,65
chapter.sentence,432307,432546,66
chapter.sentence,432547,432580,67
chapter.sentence,432581,432688,68
chapter.sentence,432689,432782,69
chapter.sentence,432783,432816,70
chapter.sentence,432817,432839,71
chapter.sentence,432840,432924,72
chapter.sentence,432925,432990,73
chapter.sentence,432991,433073,74
chapter.sentence,433074,433165,75
chapter.sentence,433166,433209,76
chapter.sentence,433210,433455,77
chapter.sentence,433456,433577,78
chapter.sentence,433578,433818,79
chapter.sentence,433819,433853,80
chapter.sentence,433854,433921,81
chapter.sentence,433922,433989,82
chapter.sentence,433990,434035,83
chapter.sentence,434036,434085,84
chapter.sentence,434086,434151,85
chapter.sentence,434152,434241,86
chapter.sentence,434242,434285,87
chapter.sentence,434286,434310,88
chapter.sentence,434311,434353,89
chapter.sentence,434354,434431,90
chapter.sentence,434432,434538,91
chapter.sentence,434539,434669,92
chapter.sentence,434670,434706,93
chapter.sentence,434707,434761,94
chapter.sentence,434762,434875,95
chapter.sentence,434876,434949,96
chapter.sentence,434950,434990,97
chapter.sentence,434991,435057,98
chapter.sentence,435058,435132,99
chapter.sentence,435133,435154,100
chapter.sentence,435155,435254,101
chapter.sentence,435255,435286,102
chapter.sentence,435287,435351,103
chapter.sentence,435352,435415,104
chapter.sentence,435416,435527,105
chapter.sentence,435528,435576,106
chapter.sentence,435577,435617,107
chapter.sentence,435618,435660,108
chapter.sentence,435661,435678,109
chapter.sentence,435679,435744,110
chapter.sentence,435745,435814,111
chapter.sentence,435815,435859,112
chapter.sentence,435860,435926,113
chapter.sentence,435927,435952,114
chapter.sentence,435953,435975,115
chapter.sentence,435976,436024,116
chapter.sentence,436025,436089,117
chapter.sentence,436090,436116,118
chapter.sentence,436117,436139,119
chapter.sentence,436140,436182,120
chapter.sentence,436183,436191,121
chapter.sentence,436192,436209,122
chapter.sentence,436210,436245,123
chapter.sentence,436246,436273,124
chapter.sentence,436274,436301,125
chapter.sentence,436302,436342,126
chapter.sentence,436343,436503,127
chapter.sentence,436504,436664,128
chapter.sentence,436665,436844,129
chapter.sentence,436845,436933,130
chapter.sentence,436934,436971,131
chapter.sentence,436972,437018,132
chapter.sentence,437019,437155,133
chapter.sentence,437156,437205,134
chapter.sentence,437206,437276,135
chapter.sentence,437277,437332,136
chapter.sentence,437333,437394,137
chapter.sentence,437395,437418,138
chapter.sentence,437419,437527,139
chapter.sentence,437528,437563,140
chapter.sentence,437564,437622,141
chapter.sentence,437623,437657,142
chapter.sentence,437658,437693,143
chapter.sentence,437694,437713,144
chapter.sentence,437714,437753,145
chapter.sentence,437754,437785,146
chapter.sentence,437786,437833,147
chapter.sentence,437834,437847,148
chapter.sentence,437848,437945,149
chapter.sentence,437946,438052,150
chapter.sentence,438053,438077,151
chapter.sentence,438078,438118,152
chapter.sentence,438119,438207,153
chapter.sentence,438208,438218,154
chapter.sentence,438219,438225,155
chapter.sentence,438226,438376,156
chapter.sentence,438377,438519,157
chapter.sentence,438520,438719,158
chapter.sentence,438720,438772,159
chapter.sentence,438773,438856,160
chapter.sentence,438857,438883,161
chapter.sentence,438884,438900,162
chapter.sentence,438901,438915,163
chapter.sentence,438916,438940,164
chapter.sentence,438941,439011,165
chapter.sentence,439012,439108,166
chapter.sentence,439109,439175,167
chapter.sentence,439176,439197,168
chapter.sentence,439198,439243,169
chapter.sentence,439244,439277,170
chapter.sentence,439278,439342,171
chapter.sentence,439343,439403,172
chapter.sentence,439404,439452,173
chapter.sentence,439453,439469,174
chapter.sentence,439470,439498,175
chapter.sentence,439499,439560,176
chapter.sentence,439561,439616,177
chapter.sentence,439617,439681,178
chapter.sentence,439682,439703,179
chapter.sentence,439704,439761,180
chapter.sentence,439762,439897,181
chapter.sentence,439898,439920,182
chapter.sentence,439921,439979,183
chapter.sentence,439980,440035,184
chapter.sentence,440036,440095,185
chapter.sentence,440096,440308,186
chapter.sentence,440309,440358,187
chapter.sentence,440359,440402,188
chapter.sentence,440403,440473,189
chapter.sentence,440474,440639,190
chapter.sentence,440640,440682,191
chapter.sentence,440683,440724,192
chapter.sentence,440725,440807,193
chapter.sentence,440808,440999,194
chapter.sentence,441000,441043,195
chapter.sentence,441044,441489,196
chapter.sentence,441490,441565,197
chapter.sentence,441566,441600,198
chapter.sentence,441601,441796,199
chapter.sentence,441797,441929,200
chapter.sentence,441930,441998,201
chapter.sentence,441999,442122,202
chapter.sentence,442123,442168,203
chapter.sentence,442169,442221,204
chapter.sentence,442222,442262,205
chapter.sentence,442263,442295,206
chapter.sentence,442296,442339,207
chapter.sentence,442340,442346,208
chapter.sentence,442347,442368,209
chapter.sentence,442369,442391,210
chapter.sentence,442392,442419,211
chapter.sentence,442420,442452,212
chapter.sentence,442453,442531,213
chapter.sentence,442532,442659,214
chapter.sentence,442660,442734,215
chapter.sentence,442735,442832,216
chapter.sentence,442833,443037,217
chapter.sentence,443038,443137,218
chapter.sentence,443138,443300,219
chapter.sentence,443301,443332,220
chapter.sentence,443333,443489,221
chapter.sentence,443490,443551,222
chapter.sentence,443552,443655,223
chapter.sentence,443656,443680,224
chapter.sentence,443681,443760,225
chapter.sentence,443761,443877,226
chapter.sentence,443878,443920,227
chapter.sentence,443921,443970,228
chapter.sentence,443971,444040,229
chapter.sentence,444041,444068,230
chapter.sentence,444069,444107,231
chapter.sentence,444108,444186,232
chapter.sentence,444187,444209,233
chapter.sentence,444210,444258,234
chapter.sentence,444259,444325,235
chapter.sentence,444326,444408,236
chapter.sentence,444409,444520,237
chapter.sentence,444521,444544,238
chapter.sentence,444545,444582,239
chapter.sentence,444583,444725,240
chapter.sentence,444726,444897,241
chapter.sentence,444898,444975,242
chapter.sentence,444976,445037,243
chapter.sentence,445038,445171,244
chapter.sentence,445172,445299,245
chapter.sentence,445300,445469,246
chapter.sentence,445470,445628,247
chapter.sentence,445629,445683,248
chapter.sentence,445684,445832,249
chapter.sentence,445833,445919,250
chapter.sentence,445920,446008,251
chapter.sentence,446009,446117,252
chapter.sentence,446118,446126,253
chapter.sentence,446127,446139,254
chapter.sentence,446140,446184,255
chapter.sentence,446185,446353,256
chapter.sentence,446354,446470,257
chapter.sentence,446471,446482,258
chapter.sentence,446483,446494,259
chapter.sentence,446495,446591,260
chapter.sentence,446592,446659,261
chapter.sentence,446660,446827,262
chapter.sentence,446828,446860,263
chapter.sentence,446861,446906,264
chapter.sentence,446907,447033,265
chapter.sentence,447034,447075,266
chapter.sentence,447076,447152,267
chapter.sentence,447153,447251,268
chapter.sentence,447252,447354,269
chapter.sentence,447355,447676,270
chapter.sentence,447677,447748,271
chapter.sentence,447749,447800,272
chapter.sentence,447801,447832,273
chapter.sentence,447833,447858,274
chapter.sentence,447859,447889,275
chapter.sentence,447890,447934,276
chapter.sentence,447935,448002,277
chapter.sentence,448003,448076,278
chapter.sentence,448077,448128,279
chapter.sentence,448129,448172,280
chapter.sentence,448173,448203,281
chapter.sentence,448204,448216,282
chapter.sentence,448217,448231,283
chapter.sentence,448232,448264,284
chapter.sentence,448265,448290,285
chapter.sentence,448291,448297,286
chapter.sentence,448298,448322,287
chapter.sentence,448323,448364,288
chapter.sentence,448365,448408,289
chapter.sentence,448409,448453,290
chapter.sentence,448454,448528,291
chapter.sentence,448529,448561,292
chapter.sentence,448562,448601,293
chapter.sentence,448602,448686,294
chapter.sentence,448717,448807,1
chapter.sentence,448808,449037,2
chapter.sentence,449038,449195,3
chapter.sentence,449196,449267,4
chapter.sentence,449268,449467,5
chapter.sentence,449468,449487,6
chapter.sentence,449488,449557,7
chapter.sentence,449558,449787,8
chapter.sentence,449788,449914,9
chapter.sentence,449915,449999,10
chapter.sentence,450000,450025,11
chapter.sentence,450026,450068,12
chapter.sentence,450069,450115,13
chapter.sentence,450116,450157,14
chapter.sentence,450158,450212,15
chapter.sentence,450213,450280,16
chapter.sentence,450281,450307,17
chapter.sentence,450308,450343,18
chapter.sentence,450344,450413,19
chapter.sentence,450414,450472,20
chapter.sentence,450473,450580,21
chapter.sentence,450581,450620,22
chapter.sentence,450621,450646,23
chapter.sentence,450647,450740,24
chapter.sentence,450741,450806,25
chapter.sentence,450807,450838,26
chapter.sentence,450839,450861,27
chapter.sentence,450862,450921,28
chapter.sentence,450922,450988,29
chapter.sentence,450989,451020,30
chapter.sentence,451021,451054,31
chapter.sentence,451055,451094,32
chapter.sentence,451095,451148,33
chapter.sentence,451149,451186,34
chapter.sentence,451187,451219,35
chapter.sentence,451220,451295,36
chapter.sentence,451296,451386,37
chapter.sentence,451387,451513,38
chapter.sentence,451514,451549,39
chapter.sentence,451550,451684,40
chapter.sentence,451685,451774,41
chapter.sentence,451775,451800,42
chapter.sentence,451801,451828,43
chapter.sentence,451829,451851,44
chapter.sentence,451852,451874,45
chapter.sentence,451875,452032,46
chapter.sentence,452033,452042,47
chapter.sentence,452043,452089,48
chapter.sentence,452090,452280,49
chapter.sentence,452281,452314,50
chapter.sentence,452315,452369,51
chapter.sentence,452370,452393,52
chapter.sentence,452394,452410,53
chapter.sentence,452411,452441,54
chapter.sentence,452442,452465,55
chapter.sentence,452466,452518,56
chapter.sentence,452519,452638,57
chapter.sentence,452639,452669,58
chapter.sentence,452670,452708,59
chapter.sentence,452709,452757,60
chapter.sentence,452758,452838,61
chapter.sentence,452839,452890,62
chapter.sentence,452891,452900,63
chapter.sentence,452901,452909,64
chapter.sentence,452910,452938,65
chapter.sentence,452939,452945,66
chapter.sentence,452946,453063,67
chapter.sentence,453064,453091,68
chapter.sentence,453092,453101,69
chapter.sentence,453102,453111,70
chapter.sentence,453112,453196,71
chapter.sentence,453197,453274,72
chapter.sentence,453275,453316,73
chapter.sentence,453317,453380,74
chapter.sentence,453381,453441,75
chapter.sentence,453442,453537,76
chapter.sentence,453538,453610,77
chapter.sentence,453611,453884,78
chapter.sentence,453885,453888,79
chapter.sentence,453889,453909,80
chapter.sentence,453910,453998,81
chapter.sentence,453999,454158,82
chapter.sentence,454159,454188,83
chapter.sentence,454189,454210,84
chapter.sentence,454211,454272,85
chapter.sentence,454273,454393,86
chapter.sentence,454394,454417,87
chapter.sentence,454418,454433,88
chapter.sentence,454434,454440,89
chapter.sentence,454441,454463,90
chapter.sentence,454464,454470,91
chapter.sentence,454471,454476,92
chapter.sentence,454477,454496,93
chapter.sentence,454497,454587,94
chapter.sentence,454588,454635,95
chapter.sentence,454636,454671,96
chapter.sentence,454672,454708,97
chapter.sentence,454709,454802,98
chapter.sentence,454803,454924,99
chapter.sentence,454925,455024,100
chapter.sentence,455025,455100,101
chapter.sentence,455101,455203,102
chapter.sentence,455204,455220,103
chapter.sentence,455221,455288,104
chapter.sentence,455289,455442,105
chapter.sentence,455443,455512,106
chapter.sentence,455513,455591,107
chapter.sentence,455592,455632,108
chapter.sentence,455633,455871,109
chapter.sentence,455872,455915,110
chapter.sentence,455916,455989,111
chapter.sentence,455990,456078,112
chapter.sentence,456079,456122,113
chapter.sentence,456123,456169,114
chapter.sentence,456170,456219,115
chapter.sentence,456220,456309,116
chapter.sentence,456310,456331,117
chapter.sentence,456332,456400,118
chapter.sentence,456401,456475,119
chapter.sentence,456476,456503,120
chapter.sentence,456504,456548,121
chapter.sentence,456549,456696,122
chapter.sentence,456697,456736,123
chapter.sentence,456737,456778,124
chapter.sentence,456779,456874,125
chapter.sentence,456875,457053,126
chapter.sentence,457054,457140,127
chapter.sentence,457141,457306,128
chapter.sentence,457307,457370,129
chapter.sentence,457371,457405,130
chapter.sentence,457406,457478,131
chapter.sentence,457479,457550,132
chapter.sentence,457551,457582,133
chapter.sentence,457583,457588,134
chapter.sentence,457589,457599,135
chapter.sentence,457600,457627,136
chapter.sentence,457628,457647,137
chapter.sentence,457648,457781,138
chapter.sentence,457782,457890,139
chapter.sentence,457891,457949,140
chapter.sentence,457950,458025,141
chapter.sentence,458026,458105,142
chapter.sentence,458106,458136,143
chapter.sentence,458137,458187,144
chapter.sentence,458188,458215,145
chapter.sentence,458216,458265,146
chapter.sentence,458266,458311,147
chapter.sentence,458312,458367,148
chapter.sentence,458368,458387,149
chapter.sentence,458388,458458,150
chapter.sentence,458459,458504,151
chapter.sentence,458505,458543,152
chapter.sentence,458544,458579,153
chapter.sentence,458580,458646,154
chapter.sentence,458647,458652,155
chapter.sentence,458653,458662,156
chapter.sentence,458663,458734,157
chapter.sentence,458735,458787,158
chapter.sentence,458788,458865,159
chapter.sentence,458866,458974,160
chapter.sentence,458975,459045,161
chapter.sentence,459046,459066,162
chapter.sentence,459067,459087,163
chapter.sentence,459088,459233,164
chapter.sentence,459234,459355,165
chapter.sentence,459356,459498,166
chapter.sentence,459499,459619,167
chapter.sentence,459620,459713,168
chapter.sentence,459714,459746,169
chapter.sentence,459747,459862,170
chapter.sentence,459863,460015,171
chapter.sentence,460016,460095,172
chapter.sentence,460096,460185,173
chapter.sentence,460186,460205,174
chapter.sentence,460206,460235,175
chapter.sentence,460236,460253,176
chapter.sentence,460254,460347,177
chapter.sentence,460348,460423,178
chapter.sentence,460424,460512,179
chapter.sentence,460513,460642,180
chapter.sentence,460643,460827,181
chapter.sentence,460828,460855,182
chapter.sentence,460856,461023,183
chapter.sentence,461024,461062,184
chapter.sentence,461063,461079,185
chapter.sentence,461080,461108,186
chapter.sentence,461109,461269,187
chapter.sentence,461270,461300,188
chapter.sentence,461301,461326,189
chapter.sentence,461327,461396,190
chapter.sentence,461397,461509,191
chapter.sentence,461510,461594,192
chapter.sentence,461595,461628,193
chapter.sentence,461629,461646,194
chapter.sentence,461647,461692,195
chapter.sentence,461693,461762,196
chapter.sentence,461763,461805,197
chapter.sentence,461806,461847,198
chapter.sentence,461848,461885,199
chapter.sentence,461886,462030,200
chapter.sentence,462031,462078,201
chapter.sentence,462079,462125,202
chapter.sentence,462126,462192,203
chapter.sentence,462193,462261,204
chapter.sentence,462262,462351,205
chapter.sentence,462352,462502,206
chapter.sentence,462503,462529,207
chapter.sentence,462530,462568,208
chapter.sentence,462569,462582,209
chapter.sentence,462583,462614,210
chapter.sentence,462615,462630,211
chapter.sentence,462631,462647,212
chapter.sentence,462648,462684,213
chapter.sentence,462685,462793,214
chapter.sentence,462794,462868,215
chapter.sentence,462869,462891,216
chapter.sentence,462892,462899,217
chapter.sentence,462900,462929,218
chapter.sentence,462930,462990,219
chapter.sentence,462991,463169,220
chapter.sentence,463170,463192,221
chapter.sentence,463193,463236,222
chapter.sentence,463237,463317,223
chapter.sentence,463318,463483,224
chapter.sentence,463484,463584,225
chapter.sentence,463585,463598,226
chapter.sentence,463599,463682,227
chapter.sentence,463683,463759,228
chapter.sentence,463760,463795,229
chapter.sentence,463796,463826,230
chapter.sentence,463827,464072,231
chapter.sentence,464073,464126,232
chapter.sentence,464127,464200,233
chapter.sentence,464201,464226,234
chapter.sentence,464227,464256,235
chapter.sentence,464257,464307,236
chapter.sentence,464308,464351,237
chapter.sentence,464352,464652,238
chapter.sentence,464653,464730,239
chapter.sentence,464731,464740,240
chapter.sentence,464741,464750,241
chapter.sentence,464751,464783,242
chapter.sentence,464784,464819,243
chapter.sentence,464820,464917,244
chapter.sentence,464918,465040,245
chapter.sentence,465041,465119,246
chapter.sentence,465120,465158,247
chapter.sentence,465159,465215,248
chapter.sentence,465216,465272,249
chapter.sentence,465273,465370,250
chapter.sentence,465371,465387,251
chapter.sentence,465388,465401,252
chapter.sentence,465402,465449,253
chapter.sentence,465450,465506,254
chapter.sentence,465507,465518,255
chapter.sentence,465519,465545,256
chapter.sentence,465546,465574,257
chapter.sentence,465575,465615,258
chapter.sentence,465616,465690,259
quote.quote,1840,1865,
quote.quote,2469,2494,
quote.quote,5843,5859,
quote.quote,5882,5908,
quote.quote,5909,5976,
quote.quote,5977,5983,
quote.quote,6037,6062,
quote.quote,6063,6094,
quote.quote,6111,6150,
quote.quote,6311,6363,
quote.quote,6364,6370,
quote.quote,6387,6406,
quote.quote,6496,6531,
quote.quote,6615,6640,
quote.quote,6785,6888,
quote.quote,6889,6895,
quote.quote,6947,7092,
quote.quote,7225,7353,
quote.quote,7436,7690,
quote.quote,7742,7888,
quote.quote,7983,7997,
quote.quote,8104,8130,
quote.quote,8159,8172,
quote.quote,8232,8330,
quote.quote,8448,8558,
quote.quote,9910,9999,
quote.quote,10000,10006,
quote.quote,11970,11987,
quote.quote,12342,12380,
quote.quote,16184,16201,
quote.quote,19360,19492,
quote.quote,19553,19594,
quote.quote,19820,19882,
quote.quote,20084,20120,
quote.quote,20142,20187,
quote.quote,20228,20341,
quote.quote,20391,20414,
quote.quote,20450,20522,
quote.quote,20523,20599,
quote.quote,20627,20661,
quote.quote,20999,21054,
quote.quote,21211,21235,
quote.quote,21434,21488,
quote.quote,22482,22503,
quote.quote,22504,22521,
quote.quote,23183,23208,
quote.quote,23329,23346,
quote.quote,23360,23408,
quote.quote,23409,23443,
quote.quote,23444,23450,
quote.quote,23466,23569,
quote.quote,23570,23612,
quote.quote,23681,23860,
quote.quote,23861,23880,
quote.quote,23991,24055,
quote.quote,24208,24539,
quote.quote,24576,24830,
quote.quote,24935,25001,
quote.quote,25011,25093,
quote.quote,26336,26397,
quote.quote,26693,26801,
quote.quote,26838,26860,
quote.quote,26896,26919,
quote.quote,26920,26983,
quote.quote,27116,27588,
quote.quote,27589,27610,
quote.quote,27611,27643,
quote.quote,27644,27650,
quote.quote,28075,28109,
quote.quote,28124,28261,
quote.quote,28351,28418,
quote.quote,28428,28522,
quote.quote,28523,28739,
quote.quote,28740,28759,
quote.quote,28760,28868,
quote.quote,28905,29017,
quote.quote,29018,29031,
quote.quote,29517,29556,
quote.quote,29568,29856,
quote.quote,30017,30127,
quote.quote,30185,30223,
quote.quote,30233,30498,
quote.quote,30499,30532,
quote.quote,30754,30766,
quote.quote,30776,30861,
quote.quote,31384,31403,
quote.quote,32940,32960,
quote.quote,33355,33361,
quote.quote,33536,33554,
quote.quote,34571,34591,
quote.quote,34687,34816,
quote.quote,36249,36311,
quote.quote,36325,36402,
quote.quote,36403,36650,
quote.quote,37241,37266,
quote.quote,37280,37305,
quote.quote,37306,37326,
quote.quote,37369,37467,
quote.quote,37601,37835,
quote.quote,37836,37859,
quote.quote,37973,38001,
quote.quote,38012,38042,
quote.quote,38043,38061,
quote.quote,38135,38156,
quote.quote,38205,38239,
quote.quote,39189,39222,
quote.quote,39791,39812,
quote.quote,39813,39819,
quote.quote,39856,39988,
quote.quote,40044,40102,
quote.quote,40163,40194,
quote.quote,40213,40382,
quote.quote,40383,40396,
quote.quote,40479,40547,
quote.quote,40718,41331,
quote.quote,41465,41526,
quote.quote,42318,42375,
quote.quote,42469,42515,
quote.quote,43623,43645,
quote.quote,44330,44355,
quote.quote,44375,44454,
quote.quote,46115,46295,
quote.quote,46714,46733,
quote.quote,46875,46896,
quote.quote,46961,46986,
quote.quote,46997,47088,
quote.quote,47135,47170,
quote.quote,47223,47272,
quote.quote,47459,47498,
quote.quote,47735,47755,
quote.quote,48526,48543,
quote.quote,48911,48920,
quote.quote,48930,48939,
quote.quote,49116,49130,
quote.quote,49712,49729,
quote.quote,50011,50036,
quote.quote,50499,50510,
quote.quote,50578,50933,
quote.quote,50934,50946,
quote.quote,51193,51305,
quote.quote,51306,51320,
quote.quote,52741,52784,
quote.quote,52825,52878,
quote.quote,52898,52915,
quote.quote,53278,53289,
quote.quote,53299,53378,
quote.quote,53379,53390,
quote.quote,53391,53462,
quote.quote,53496,53715,
quote.quote,53716,53767,
quote.quote,53768,53779,
quote.quote,53780,53903,
quote.quote,54526,54546,
quote.quote,54586,54609,
quote.quote,54927,55000,
quote.quote,55001,55019,
quote.quote,55041,55078,
quote.quote,55079,55102,
quote.quote,55103,55200,
quote.quote,55267,55299,
quote.quote,55310,55716,
quote.quote,55717,55741,
quote.quote,55760,55867,
quote.quote,55868,55875,
quote.quote,55911,55954,
quote.quote,56036,56078,
quote.quote,56127,56651,
quote.quote,56740,56960,
quote.quote,57055,57145,
quote.quote,57146,57167,
quote.quote,57196,57309,
quote.quote,57310,57344,
quote.quote,57386,57478,
quote.quote,57683,57795,
quote.quote,57954,58352,
quote.quote,58353,58359,
quote.quote,58378,58541,
quote.quote,58652,58667,
quote.quote,58785,59297,
quote.quote,59298,59363,
quote.quote,59396,59422,
quote.quote,59481,59508,
quote.quote,59560,60050,
quote.quote,60051,60089,
quote.quote,60127,60166,
quote.quote,60361,60512,
quote.quote,60610,60826,
quote.quote,60827,60849,
quote.quote,60894,60954,
quote.quote,60955,61002,
quote.quote,61243,61271,
quote.quote,61290,61323,
quote.quote,61324,61363,
quote.quote,61390,62012,
quote.quote,62418,62483,
quote.quote,62497,62546,
quote.quote,62565,62655,
quote.quote,62923,63197,
quote.quote,63405,63418,
quote.quote,63478,63493,
quote.quote,63509,63515,
quote.quote,63534,63546,
quote.quote,63594,63699,
quote.quote,63737,64223,
quote.quote,64329,64368,
quote.quote,64369,64400,
quote.quote,64437,64455,
quote.quote,64511,64559,
quote.quote,64700,64749,
quote.quote,64759,64841,
quote.quote,64842,64851,
quote.quote,64887,64931,
quote.quote,64952,65374,
quote.quote,65419,65462,
quote.quote,65569,65611,
quote.quote,65778,65805,
quote.quote,65816,65877,
quote.quote,67266,67338,
quote.quote,67339,67376,
quote.quote,67581,67638,
quote.quote,67715,67742,
quote.quote,67752,67980,
quote.quote,67981,68004,
quote.quote,68115,68152,
quote.quote,68176,68215,
quote.quote,68740,68862,
quote.quote,68891,68925,
quote.quote,68989,69505,
quote.quote,69658,69698,
quote.quote,69804,69821,
quote.quote,69831,69894,
quote.quote,69895,69909,
quote.quote,69924,69943,
quote.quote,69969,70155,
quote.quote,70578,70604,
quote.quote,70627,70693,
quote.quote,70742,70803,
quote.quote,71541,71569,
quote.quote,71579,71640,
quote.quote,71669,71865,
quote.quote,73470,73513,
quote.quote,73722,74093,
quote.quote,74094,74107,
quote.quote,74403,74418,
quote.quote,74432,74571,
quote.quote,74572,74577,
quote.quote,75153,75175,
quote.quote,75185,75417,
quote.quote,75459,75517,
quote.quote,75556,75988,
quote.quote,76096,76142,
quote.quote,76196,76349,
quote.quote,76350,76362,
quote.quote,76390,76436,
quote.quote,76437,76457,
quote.quote,76458,76497,
quote.quote,76498,76541,
quote.quote,77287,77300,
quote.quote,77427,77436,
quote.quote,77506,77580,
quote.quote,77634,77643,
quote.quote,77654,77676,
quote.quote,77677,77686,
quote.quote,77701,77744,
quote.quote,78032,78191,
quote.quote,78358,78401,
quote.quote,78448,78672,
quote.quote,78730,78747,
quote.quote,78758,78805,
quote.quote,78806,78812,
quote.quote,78813,78876,
quote.quote,78938,78978,
quote.quote,79473,79519,
quote.quote,79882,79907,
quote.quote,79993,80021,
quote.quote,80032,80108,
quote.quote,80135,80333,
quote.quote,80391,80424,
quote.quote,80465,80630,
quote.quote,80841,80891,
quote.quote,81472,82648,
quote.quote,82831,82843,
quote.quote,82854,82894,
quote.quote,85699,85705,
quote.quote,85719,85763,
quote.quote,85764,85813,
quote.quote,86110,86148,
quote.quote,86173,86255,
quote.quote,86306,86444,
quote.quote,86445,86454,
quote.quote,86482,86500,
quote.quote,86501,86521,
quote.quote,86566,86649,
quote.quote,86968,87008,
quote.quote,87019,87061,
quote.quote,87738,87769,
quote.quote,87781,87786,
quote.quote,87800,87876,
quote.quote,87935,87960,
quote.quote,87971,87984,
quote.quote,87985,88046,
quote.quote,88060,88119,
quote.quote,88846,90311,
quote.quote,90629,93423,
quote.quote,93487,93527,
quote.quote,93540,94023,
quote.quote,94421,94441,
quote.quote,94451,94578,
quote.quote,94579,94596,
quote.quote,94615,94954,
quote.quote,96007,96051,
quote.quote,96061,96128,
quote.quote,96298,96312,
quote.quote,96323,96363,
quote.quote,96364,96370,
quote.quote,96371,96431,
quote.quote,96716,96781,
quote.quote,96870,97599,
quote.quote,97668,97683,
quote.quote,97684,97689,
quote.quote,97704,97836,
quote.quote,98019,98054,
quote.quote,98099,98165,
quote.quote,98190,98205,
quote.quote,98206,98212,
quote.quote,98240,98308,
quote.quote,98309,98338,
quote.quote,98401,98504,
quote.quote,98520,98550,
quote.quote,98581,98610,
quote.quote,98823,98887,
quote.quote,98888,98907,
quote.quote,98908,99036,
quote.quote,99093,99262,
quote.quote,100713,100729,
quote.quote,100740,100760,
quote.quote,100775,100795,
quote.quote,101992,101999,
quote.quote,102958,102999,
quote.quote,103052,103155,
quote.quote,103156,103185,
quote.quote,103196,103228,
quote.quote,103363,103400,
quote.quote,103862,103940,
quote.quote,104968,105008,
quote.quote,105018,105112,
quote.quote,105212,105530,
quote.quote,105683,105699,
quote.quote,106323,106348,
quote.quote,106362,106408,
quote.quote,106604,106630,
quote.quote,106649,106665,
quote.quote,106679,106731,
quote.quote,106746,106809,
quote.quote,106810,106847,
quote.quote,106848,106891,
quote.quote,106984,107017,
quote.quote,107084,107163,
quote.quote,107196,107265,
quote.quote,107288,107299,
quote.quote,107329,107367,
quote.quote,107368,107404,
quote.quote,107416,107444,
quote.quote,107445,107466,
quote.quote,107611,107632,
quote.quote,107649,107704,
quote.quote,107743,107758,
quote.quote,107834,107888,
quote.quote,107911,107950,
quote.quote,107972,107983,
quote.quote,107997,108019,
quote.quote,108034,108318,
quote.quote,108359,108433,
quote.quote,108445,108451,
quote.quote,108452,108484,
quote.quote,108503,108552,
quote.quote,109474,109511,
quote.quote,110879,110899,
quote.quote,111860,111887,
quote.quote,112560,112566,
quote.quote,112975,113012,
quote.quote,113027,113033,
quote.quote,113163,113277,
quote.quote,116105,116126,
quote.quote,116271,116293,
quote.quote,117225,117260,
quote.quote,118946,119024,
quote.quote,119060,119098,
quote.quote,119118,119131,
quote.quote,119156,119502,
quote.quote,119543,119595,
quote.quote,119606,119706,
quote.quote,119996,120024,
quote.quote,120054,120062,
quote.quote,120398,120404,
quote.quote,120414,120537,
quote.quote,120538,120558,
quote.quote,120569,120590,
quote.quote,120882,120931,
quote.quote,121442,121539,
quote.quote,121555,121567,
quote.quote,121568,121727,
quote.quote,121728,121745,
quote.quote,121779,121830,
quote.quote,121860,121885,
quote.quote,121899,122072,
quote.quote,122406,122422,
quote.quote,122432,122437,
quote.quote,122451,122500,
quote.quote,122695,122720,
quote.quote,122731,122737,
quote.quote,122738,122775,
quote.quote,122776,122782,
quote.quote,122824,122867,
quote.quote,122868,122874,
quote.quote,122968,123011,
quote.quote,123099,123120,
quote.quote,123164,123188,
quote.quote,123189,123235,
quote.quote,123270,123331,
quote.quote,123364,123393,
quote.quote,123394,123416,
quote.quote,123438,123545,
quote.quote,123594,123681,
quote.quote,123682,123721,
quote.quote,123806,123839,
quote.quote,123840,123853,
quote.quote,123915,123949,
quote.quote,124416,124440,
quote.quote,125106,125128,
quote.quote,125734,125756,
quote.quote,126813,126844,
quote.quote,126897,127098,
quote.quote,127307,127354,
quote.quote,127373,127402,
quote.quote,127491,127528,
quote.quote,127551,127556,
quote.quote,127585,127605,
quote.quote,127606,127639,
quote.quote,127678,127725,
quote.quote,128623,128633,
quote.quote,128634,128649,
quote.quote,128689,128702,
quote.quote,128774,128794,
quote.quote,128827,128929,
quote.quote,128966,128989,
quote.quote,129044,129188,
quote.quote,129363,129407,
quote.quote,129487,129517,
quote.quote,130979,131004,
quote.quote,131135,131142,
quote.quote,131154,131176,
quote.quote,131606,131701,
quote.quote,131702,131725,
quote.quote,131726,131749,
quote.quote,131874,131952,
quote.quote,132029,132059,
quote.quote,132169,132194,
quote.quote,133260,133289,
quote.quote,133322,133517,
quote.quote,133552,133589,
quote.quote,133608,133827,
quote.quote,134150,134218,
quote.quote,134248,134273,
quote.quote,134292,134394,
quote.quote,134395,134453,
quote.quote,134500,134530,
quote.quote,134661,134677,
quote.quote,134771,134833,
quote.quote,134891,134897,
quote.quote,134908,134916,
quote.quote,134917,134923,
quote.quote,134924,134937,
quote.quote,134938,135056,
quote.quote,135057,135097,
quote.quote,135098,135104,
quote.quote,135105,135131,
quote.quote,135161,135206,
quote.quote,135207,135229,
quote.quote,135283,135365,
quote.quote,135438,135451,
quote.quote,135468,135561,
quote.quote,135725,135810,
quote.quote,135811,135842,
quote.quote,135902,135908,
quote.quote,135909,135921,
quote.quote,136442,136587,
quote.quote,136608,136633,
quote.quote,136713,136746,
quote.quote,136757,136783,
quote.quote,136835,136990,
quote.quote,137008,137020,
quote.quote,137194,137201,
quote.quote,137238,137258,
quote.quote,140298,140318,
quote.quote,140333,140339,
quote.quote,140362,140369,
quote.quote,140407,140419,
quote.quote,140950,140974,
quote.quote,141224,141300,
quote.quote,142210,142233,
quote.quote,142244,142250,
quote.quote,142315,142329,
quote.quote,142403,142411,
quote.quote,142470,142482,
quote.quote,142554,142557,
quote.quote,142585,142588,
quote.quote,142592,142595,
quote.quote,142621,142624,
quote.quote,142643,142724,
quote.quote,142769,142828,
quote.quote,142852,142855,
quote.quote,142883,142928,
quote.quote,142959,142962,
quote.quote,142965,142982,
quote.quote,143050,143053,
quote.quote,143068,143095,
quote.quote,143115,143118,
quote.quote,143189,143192,
quote.quote,143248,143328,
quote.quote,143358,143361,
quote.quote,143542,143545,
quote.quote,143549,143589,
quote.quote,143626,143629,
quote.quote,143679,143682,
quote.quote,143701,143726,
quote.quote,144078,144193,
quote.quote,144568,144917,
quote.quote,145037,145213,
quote.quote,145250,145263,
quote.quote,145340,145343,
quote.quote,145378,145403,
quote.quote,145481,145535,
quote.quote,145588,145600,
quote.quote,145648,145661,
quote.quote,145778,145813,
quote.quote,145820,146198,
quote.quote,146205,146225,
quote.quote,146253,146291,
quote.quote,146607,146854,
quote.quote,146881,146924,
quote.quote,147064,147215,
quote.quote,147240,147252,
quote.quote,147392,147651,
quote.quote,147697,147981,
quote.quote,147992,148666,
quote.quote,148686,148777,
quote.quote,148781,148838,
quote.quote,148856,148859,
quote.quote,148863,149022,
quote.quote,149038,149580,
quote.quote,149601,150681,
quote.quote,150690,151029,
quote.quote,151058,151567,
quote.quote,151597,151630,
quote.quote,151636,151664,
quote.quote,151761,151937,
quote.quote,151964,151989,
quote.quote,152125,152193,
quote.quote,152270,152344,
quote.quote,152392,152519,
quote.quote,152564,152668,
quote.quote,152793,153226,
quote.quote,153321,153586,
quote.quote,153593,153665,
quote.quote,153681,155122,
quote.quote,155128,155557,
quote.quote,155588,155925,
quote.quote,155935,155961,
quote.quote,156063,156569,
quote.quote,156637,156714,
quote.quote,156780,157155,
quote.quote,157331,157341,
quote.quote,157341,157369,
quote.quote,157521,157524,
quote.quote,157553,157595,
quote.quote,157630,157730,
quote.quote,157764,157966,
quote.quote,158038,158041,
quote.quote,158075,158078,
quote.quote,158884,158924,
quote.quote,158935,158948,
quote.quote,159297,159399,
quote.quote,160163,160195,
quote.quote,160397,160405,
quote.quote,160416,160451,
quote.quote,160531,160729,
quote.quote,160730,160751,
quote.quote,160774,160809,
quote.quote,160874,160942,
quote.quote,160957,161006,
quote.quote,161297,161321,
quote.quote,161332,161402,
quote.quote,161660,161686,
quote.quote,161696,161761,
quote.quote,161888,161928,
quote.quote,161929,161972,
quote.quote,161996,162008,
quote.quote,162053,162104,
quote.quote,162145,162214,
quote.quote,162215,162257,
quote.quote,162275,162338,
quote.quote,162339,162344,
quote.quote,162380,162608,
quote.quote,162609,162661,
quote.quote,162723,162813,
quote.quote,163002,163021,
quote.quote,163032,163252,
quote.quote,163253,163321,
quote.quote,163355,163448,
quote.quote,163939,163954,
quote.quote,163977,163992,
quote.quote,163993,164010,
quote.quote,164065,164161,
quote.quote,164228,164281,
quote.quote,164291,164438,
quote.quote,164497,164524,
quote.quote,164598,164673,
quote.quote,164674,164770,
quote.quote,164922,165123,
quote.quote,165611,165637,
quote.quote,165823,165852,
quote.quote,165862,165891,
quote.quote,170173,170193,
quote.quote,170343,170367,
quote.quote,170759,170783,
quote.quote,170897,170921,
quote.quote,171057,171077,
quote.quote,171405,171412,
quote.quote,171429,171620,
quote.quote,174547,174576,
quote.quote,174577,174601,
quote.quote,174641,174674,
quote.quote,174755,174826,
quote.quote,174827,174857,
quote.quote,174872,174881,
quote.quote,174915,174948,
quote.quote,174974,175023,
quote.quote,175024,175047,
quote.quote,175087,175104,
quote.quote,175115,175234,
quote.quote,175280,175346,
quote.quote,175483,175518,
quote.quote,175592,175875,
quote.quote,176107,176164,
quote.quote,176174,176227,
quote.quote,176532,176586,
quote.quote,176934,176944,
quote.quote,176954,176984,
quote.quote,178377,178386,
quote.quote,178396,178626,
quote.quote,179028,179053,
quote.quote,179068,179524,
quote.quote,179525,179534,
quote.quote,179588,179626,
quote.quote,179627,179645,
quote.quote,179833,179875,
quote.quote,179944,180006,
quote.quote,180139,180180,
quote.quote,180210,180235,
quote.quote,180780,180827,
quote.quote,180878,181059,
quote.quote,181158,181311,
quote.quote,181345,181743,
quote.quote,181769,181797,
quote.quote,181831,181872,
quote.quote,181873,181892,
quote.quote,181970,182119,
quote.quote,182433,182540,
quote.quote,182635,183626,
quote.quote,183909,183924,
quote.quote,183939,184382,
quote.quote,184492,184505,
quote.quote,184520,184552,
quote.quote,184553,184574,
quote.quote,185262,185277,
quote.quote,185292,185306,
quote.quote,185458,185484,
quote.quote,185571,185598,
quote.quote,185613,185671,
quote.quote,185752,185797,
quote.quote,185821,185962,
quote.quote,185963,185972,
quote.quote,185990,186016,
quote.quote,186017,186030,
quote.quote,186162,186200,
quote.quote,186404,186437,
quote.quote,186503,186654,
quote.quote,186655,186781,
quote.quote,186922,186957,
quote.quote,186994,187195,
quote.quote,187243,187319,
quote.quote,187320,187331,
quote.quote,187346,187454,
quote.quote,187455,187461,
quote.quote,187708,187902,
quote.quote,187903,187946,
quote.quote,188012,188018,
quote.quote,188187,188253,
quote.quote,188597,188636,
quote.quote,188696,188800,
quote.quote,188893,189216,
quote.quote,189217,189246,
quote.quote,189307,189631,
quote.quote,190056,190079,
quote.quote,190100,190169,
quote.quote,191032,191060,
quote.quote,191089,191336,
quote.quote,192591,192605,
quote.quote,195585,195624,
quote.quote,195673,195688,
quote.quote,195699,195771,
quote.quote,196462,196489,
quote.quote,196507,196552,
quote.quote,196625,196687,
quote.quote,196963,196975,
quote.quote,198477,198515,
quote.quote,198525,198672,
quote.quote,199510,199531,
quote.quote,199573,199803,
quote.quote,199818,199843,
quote.quote,199860,199894,
quote.quote,199933,199975,
quote.quote,200009,200024,
quote.quote,200075,200177,
quote.quote,200794,200801,
quote.quote,201319,201331,
quote.quote,201355,201443,
quote.quote,201477,201490,
quote.quote,201501,201562,
quote.quote,201625,201681,
quote.quote,201691,201713,
quote.quote,201714,201748,
quote.quote,201793,201858,
quote.quote,202014,202063,
quote.quote,202315,202324,
quote.quote,202354,202367,
quote.quote,202550,202598,
quote.quote,202663,202845,
quote.quote,203489,203498,
quote.quote,203512,203561,
quote.quote,203812,203822,
quote.quote,203936,204041,
quote.quote,204042,204048,
quote.quote,204049,204192,
quote.quote,204364,204398,
quote.quote,204408,204429,
quote.quote,205175,205208,
quote.quote,205317,205358,
quote.quote,205452,205490,
quote.quote,205531,205968,
quote.quote,206039,206338,
quote.quote,206449,206485,
quote.quote,206666,207173,
quote.quote,207511,207530,
quote.quote,208830,208839,
quote.quote,211332,211417,
quote.quote,211436,211476,
quote.quote,213177,213185,
quote.quote,213258,213281,
quote.quote,213444,213493,
quote.quote,213548,213574,
quote.quote,213575,213601,
quote.quote,214064,214072,
quote.quote,214082,214213,
quote.quote,214214,214226,
quote.quote,214325,214373,
quote.quote,214374,214392,
quote.quote,214624,214659,
quote.quote,215113,215176,
quote.quote,217273,217288,
quote.quote,217308,217314,
quote.quote,217315,217340,
quote.quote,217341,217347,
quote.quote,217348,217374,
quote.quote,217406,217428,
quote.quote,217577,217589,
quote.quote,217629,217653,
quote.quote,217750,217789,
quote.quote,217790,217802,
quote.quote,217885,217908,
quote.quote,217909,217926,
quote.quote,218022,218041,
quote.quote,218685,218909,
quote.quote,219681,219710,
quote.quote,219721,219751,
quote.quote,219752,219822,
quote.quote,219928,219995,
quote.quote,220018,220066,
quote.quote,220245,220257,
quote.quote,220280,220364,
quote.quote,220365,220371,
quote.quote,220372,220393,
quote.quote,220405,220410,
quote.quote,220433,220620,
quote.quote,222133,222183,
quote.quote,222239,222298,
quote.quote,222370,222449,
quote.quote,222450,222490,
quote.quote,222541,222591,
quote.quote,222601,222635,
quote.quote,222636,222647,
quote.quote,222664,222770,
quote.quote,223994,224241,
quote.quote,225069,225117,
quote.quote,225610,225648,
quote.quote,225984,226070,
quote.quote,226249,226274,
quote.quote,226301,226319,
quote.quote,226396,226578,
quote.quote,226647,226656,
quote.quote,226709,226734,
quote.quote,226925,227317,
quote.quote,227455,227474,
quote.quote,227475,227481,
quote.quote,227492,228122,
quote.quote,228123,228147,
quote.quote,228189,228254,
quote.quote,228399,228441,
quote.quote,228452,228624,
quote.quote,228820,228826,
quote.quote,228873,228889,
quote.quote,228903,228951,
quote.quote,229073,229082,
quote.quote,229121,229316,
quote.quote,229355,229539,
quote.quote,229914,229934,
quote.quote,229945,230180,
quote.quote,230181,230186,
quote.quote,230201,230235,
quote.quote,230259,230382,
quote.quote,230440,230781,
quote.quote,230852,230886,
quote.quote,230896,230927,
quote.quote,230928,230971,
quote.quote,230986,231028,
quote.quote,231131,231182,
quote.quote,231307,231327,
quote.quote,231775,231804,
quote.quote,231825,231858,
quote.quote,231859,231869,
quote.quote,231908,231973,
quote.quote,235739,235781,
quote.quote,235791,235897,
quote.quote,235898,235912,
quote.quote,235913,235938,
quote.quote,236670,236684,
quote.quote,236720,236796,
quote.quote,236821,236847,
quote.quote,236848,236904,
quote.quote,236923,237121,
quote.quote,237216,237258,
quote.quote,237271,237390,
quote.quote,237391,237397,
quote.quote,237527,237568,
quote.quote,237816,237843,
quote.quote,237854,237871,
quote.quote,237926,238090,
quote.quote,238091,238099,
quote.quote,238714,238766,
quote.quote,238810,238938,
quote.quote,238939,238979,
quote.quote,238980,239019,
quote.quote,239049,239159,
quote.quote,240298,240328,
quote.quote,240381,240421,
quote.quote,240823,240833,
quote.quote,240843,241302,
quote.quote,241303,241329,
quote.quote,241343,241371,
quote.quote,241372,241460,
quote.quote,241461,241467,
quote.quote,241468,241484,
quote.quote,241521,241559,
quote.quote,241651,241739,
quote.quote,241983,242023,
quote.quote,242038,242267,
quote.quote,242268,242274,
quote.quote,242275,242344,
quote.quote,242432,242592,
quote.quote,242819,243040,
quote.quote,243087,243155,
quote.quote,243173,243179,
quote.quote,243241,243271,
quote.quote,243272,243551,
quote.quote,243641,243654,
quote.quote,243665,243784,
quote.quote,244209,244262,
quote.quote,244273,244423,
quote.quote,244447,244519,
quote.quote,244520,244640,
quote.quote,244908,244937,
quote.quote,244962,244996,
quote.quote,245036,245078,
quote.quote,245079,245179,
quote.quote,245793,245818,
quote.quote,245819,245845,
quote.quote,246289,246307,
quote.quote,246358,246391,
quote.quote,246478,246527,
quote.quote,246564,246576,
quote.quote,246892,246928,
quote.quote,247039,247065,
quote.quote,247091,247212,
quote.quote,247643,247689,
quote.quote,249799,249857,
quote.quote,252280,252325,
quote.quote,252494,252520,
quote.quote,252580,252618,
quote.quote,252619,252641,
quote.quote,252896,252913,
quote.quote,254293,254330,
quote.quote,256616,256652,
quote.quote,256704,256826,
quote.quote,256953,257098,
quote.quote,257326,257350,
quote.quote,257361,257413,
quote.quote,257430,257441,
quote.quote,257473,257525,
quote.quote,257526,257536,
quote.quote,257654,257663,
quote.quote,257674,257886,
quote.quote,257887,257909,
quote.quote,259179,259197,
quote.quote,259233,259239,
quote.quote,259265,259303,
quote.quote,259377,259391,
quote.quote,259425,259448,
quote.quote,259523,259529,
quote.quote,259770,259788,
quote.quote,259802,259878,
quote.quote,259879,259922,
quote.quote,259939,260039,
quote.quote,260300,260331,
quote.quote,260604,261176,
quote.quote,261291,261296,
quote.quote,261318,261352,
quote.quote,261477,261489,
quote.quote,261490,261502,
quote.quote,261516,261553,
quote.quote,261625,261661,
quote.quote,261685,261705,
quote.quote,261852,261865,
quote.quote,262083,262269,
quote.quote,262996,263016,
quote.quote,263035,263060,
quote.quote,263246,263271,
quote.quote,263308,263372,
quote.quote,263373,263443,
quote.quote,263609,263652,
quote.quote,263653,263662,
quote.quote,263868,263987,
quote.quote,264053,264086,
quote.quote,264100,264134,
quote.quote,264165,264224,
quote.quote,264307,264326,
quote.quote,264430,264460,
quote.quote,264470,264489,
quote.quote,264490,264530,
quote.quote,264563,264654,
quote.quote,264761,264965,
quote.quote,265291,265379,
quote.quote,265823,265842,
quote.quote,265907,266225,
quote.quote,266493,266578,
quote.quote,266601,266694,
quote.quote,266747,266753,
quote.quote,266754,266766,
quote.quote,266767,266794,
quote.quote,267426,267471,
quote.quote,267513,267684,
quote.quote,267743,267767,
quote.quote,267787,268093,
quote.quote,268324,268331,
quote.quote,268383,268402,
quote.quote,268426,268991,
quote.quote,269271,269284,
quote.quote,269497,269507,
quote.quote,269672,269695,
quote.quote,269709,269728,
quote.quote,269729,269742,
quote.quote,269796,269832,
quote.quote,269878,269895,
quote.quote,270059,270074,
quote.quote,270183,270260,
quote.quote,270471,270484,
quote.quote,270704,270743,
quote.quote,270792,270834,
quote.quote,270873,270908,
quote.quote,270942,271030,
quote.quote,271514,271535,
quote.quote,271551,271566,
quote.quote,271597,271621,
quote.quote,271793,271839,
quote.quote,271850,271985,
quote.quote,271986,271994,
quote.quote,272013,272085,
quote.quote,272086,272118,
quote.quote,272142,272206,
quote.quote,272254,272265,
quote.quote,273254,273412,
quote.quote,273413,273419,
quote.quote,273435,273487,
quote.quote,273553,273573,
quote.quote,273871,273934,
quote.quote,273974,274257,
quote.quote,274501,274611,
quote.quote,274658,274685,
quote.quote,274695,274877,
quote.quote,275113,275141,
quote.quote,275187,275252,
quote.quote,275282,275343,
quote.quote,275344,275361,
quote.quote,275412,275464,
quote.quote,275571,275588,
quote.quote,275624,275656,
quote.quote,275768,275802,
quote.quote,275892,275907,
quote.quote,276847,276871,
quote.quote,276902,276970,
quote.quote,280435,280471,
quote.quote,280501,280778,
quote.quote,281265,281287,
quote.quote,281406,281426,
quote.quote,281436,281511,
quote.quote,282155,282164,
quote.quote,282245,282259,
quote.quote,282427,282445,
quote.quote,282845,282859,
quote.quote,282963,282997,
quote.quote,283580,283593,
quote.quote,283709,283848,
quote.quote,284448,284467,
quote.quote,284481,284578,
quote.quote,284658,284767,
quote.quote,284984,285017,
quote.quote,285018,285033,
quote.quote,285045,285085,
quote.quote,285609,285626,
quote.quote,285638,285659,
quote.quote,286152,286181,
quote.quote,286192,286305,
quote.quote,286973,286990,
quote.quote,287043,287298,
quote.quote,287321,287330,
quote.quote,287345,287377,
quote.quote,287409,287732,
quote.quote,287861,287875,
quote.quote,287999,288051,
quote.quote,288875,288906,
quote.quote,288907,288939,
quote.quote,288957,288978,
quote.quote,288979,288992,
quote.quote,289093,289102,
quote.quote,289220,289447,
quote.quote,289757,289791,
quote.quote,289803,289826,
quote.quote,290011,290169,
quote.quote,290734,290764,
quote.quote,290778,290940,
quote.quote,290977,290989,
quote.quote,290990,290996,
quote.quote,291109,291227,
quote.quote,291303,291368,
quote.quote,291430,291483,
quote.quote,291484,291503,
quote.quote,291552,291572,
quote.quote,291587,291720,
quote.quote,291754,291760,
quote.quote,291957,292306,
quote.quote,292307,292314,
quote.quote,293039,293046,
quote.quote,293060,293090,
quote.quote,293104,293488,
quote.quote,293489,293509,
quote.quote,293539,293545,
quote.quote,293546,293563,
quote.quote,293662,293667,
quote.quote,293727,293733,
quote.quote,293859,293864,
quote.quote,293898,294124,
quote.quote,294125,294140,
quote.quote,294155,294617,
quote.quote,294618,294624,
quote.quote,294647,294658,
quote.quote,294659,295109,
quote.quote,295433,295456,
quote.quote,295470,295838,
quote.quote,295862,295868,
quote.quote,295886,295901,
quote.quote,296257,296290,
quote.quote,296817,296847,
quote.quote,296859,296909,
quote.quote,297013,297024,
quote.quote,297089,297108,
quote.quote,297140,297160,
quote.quote,297161,297175,
quote.quote,297176,297182,
quote.quote,297378,297397,
quote.quote,297416,297821,
quote.quote,297822,297829,
quote.quote,297843,297884,
quote.quote,297897,297907,
quote.quote,298438,298448,
quote.quote,298623,298663,
quote.quote,298724,298774,
quote.quote,298806,298848,
quote.quote,299009,299033,
quote.quote,301108,301194,
quote.quote,305795,305844,
quote.quote,305886,305899,
quote.quote,305981,306017,
quote.quote,306839,306905,
quote.quote,306906,306923,
quote.quote,306975,307019,
quote.quote,307256,307299,
quote.quote,307325,307394,
quote.quote,307442,307551,
quote.quote,307852,307873,
quote.quote,309462,309502,
quote.quote,309593,309603,
quote.quote,309618,309671,
quote.quote,309672,309692,
quote.quote,309723,309772,
quote.quote,309773,309779,
quote.quote,309829,309854,
quote.quote,309855,309878,
quote.quote,309916,309990,
quote.quote,309991,310010,
quote.quote,310011,310101,
quote.quote,310118,310137,
quote.quote,310757,310774,
quote.quote,311288,311362,
quote.quote,312279,312285,
quote.quote,312307,312313,
quote.quote,312802,312852,
quote.quote,313171,313189,
quote.quote,313889,313959,
quote.quote,314617,314634,
quote.quote,315032,315107,
quote.quote,315332,315410,
quote.quote,316485,316499,
quote.quote,316944,316987,
quote.quote,317068,317115,
quote.quote,317282,317287,
quote.quote,317298,317337,
quote.quote,317431,317494,
quote.quote,317535,317542,
quote.quote,317575,317621,
quote.quote,317622,317635,
quote.quote,317675,317702,
quote.quote,317723,317781,
quote.quote,317870,317938,
quote.quote,317986,318146,
quote.quote,318203,318238,
quote.quote,318249,318288,
quote.quote,318386,318424,
quote.quote,318744,318763,
quote.quote,319525,319574,
quote.quote,319705,319718,
quote.quote,319752,319773,
quote.quote,319774,319781,
quote.quote,319782,319821,
quote.quote,320616,320631,
quote.quote,320647,320677,
quote.quote,320678,320688,
quote.quote,321298,321304,
quote.quote,321318,321324,
quote.quote,322402,322414,
quote.quote,323905,323917,
quote.quote,324244,324257,
quote.quote,324438,324464,
quote.quote,324903,324939,
quote.quote,325034,325055,
quote.quote,325070,325077,
quote.quote,325519,325532,
quote.quote,325589,325624,
quote.quote,325625,325663,
quote.quote,325691,325743,
quote.quote,325753,325822,
quote.quote,326683,326692,
quote.quote,326815,326824,
quote.quote,328033,328056,
quote.quote,328093,328116,
quote.quote,328131,328143,
quote.quote,328201,328329,
quote.quote,328756,328783,
quote.quote,328801,328914,
quote.quote,329083,329098,
quote.quote,329117,329123,
quote.quote,329241,329278,
quote.quote,329321,329564,
quote.quote,329651,329660,
quote.quote,329676,329689,
quote.quote,329690,329699,
quote.quote,330040,330095,
quote.quote,330168,330199,
quote.quote,330292,330365,
quote.quote,330477,330502,
quote.quote,330569,330602,
quote.quote,330603,330633,
quote.quote,330781,330790,
quote.quote,331159,331185,
quote.quote,331207,331228,
quote.quote,331269,331297,
quote.quote,331659,331730,
quote.quote,331986,331995,
quote.quote,332006,332042,
quote.quote,332620,332681,
quote.quote,332692,332722,
quote.quote,332744,332763,
quote.quote,332790,333299,
quote.quote,333300,333313,
quote.quote,333329,333429,
quote.quote,333430,333439,
quote.quote,333451,333940,
quote.quote,333941,333954,
quote.quote,334022,334174,
quote.quote,334218,334235,
quote.quote,334236,334248,
quote.quote,334249,334256,
quote.quote,334285,334393,
quote.quote,334506,334607,
quote.quote,334661,334690,
quote.quote,334907,334934,
quote.quote,334946,334972,
quote.quote,334973,334980,
quote.quote,334981,334991,
quote.quote,335041,335061,
quote.quote,335088,335195,
quote.quote,335265,335295,
quote.quote,335296,335317,
quote.quote,335398,335421,
quote.quote,335422,335429,
quote.quote,335440,335467,
quote.quote,335494,335516,
quote.quote,335517,335567,
quote.quote,335581,335627,
quote.quote,335751,335822,
quote.quote,335823,336141,
quote.quote,336165,336186,
quote.quote,336227,336497,
quote.quote,336902,336951,
quote.quote,336962,337012,
quote.quote,337023,337209,
quote.quote,337387,337414,
quote.quote,337962,337971,
quote.quote,337982,338034,
quote.quote,338035,338054,
quote.quote,338055,338182,
quote.quote,338183,338189,
quote.quote,338254,338610,
quote.quote,338812,338932,
quote.quote,339446,339455,
quote.quote,339465,339532,
quote.quote,339533,339546,
quote.quote,339561,339875,
quote.quote,339999,340012,
quote.quote,340027,340055,
quote.quote,340056,340091,
quote.quote,340172,340242,
quote.quote,340243,340302,
quote.quote,340303,340328,
quote.quote,340344,340356,
quote.quote,340403,340424,
quote.quote,340434,340446,
quote.quote,341089,341110,
quote.quote,341120,341137,
quote.quote,341320,341341,
quote.quote,341442,341463,
quote.quote,341477,341521,
quote.quote,341687,341700,
quote.quote,341931,341950,
quote.quote,342338,342530,
quote.quote,342976,343046,
quote.quote,343056,343104,
quote.quote,343105,343130,
quote.quote,343147,343221,
quote.quote,343812,343830,
quote.quote,343840,343945,
quote.quote,343946,343966,
quote.quote,344049,344146,
quote.quote,344279,344341,
quote.quote,344353,344489,
quote.quote,344490,344517,
quote.quote,344541,344572,
quote.quote,344604,344633,
quote.quote,344634,344649,
quote.quote,344690,344698,
quote.quote,344723,344885,
quote.quote,345014,345062,
quote.quote,345063,345069,
quote.quote,346096,346110,
quote.quote,346130,346153,
quote.quote,346221,346252,
quote.quote,346272,346412,
quote.quote,346429,346439,
quote.quote,346450,346489,
quote.quote,346490,346504,
quote.quote,346587,346597,
quote.quote,346598,346623,
quote.quote,346637,347518,
quote.quote,347519,347525,
quote.quote,347803,347862,
quote.quote,347878,348086,
quote.quote,348087,348092,
quote.quote,348133,348163,
quote.quote,348164,348257,
quote.quote,348258,348264,
quote.quote,348278,348288,
quote.quote,348557,348619,
quote.quote,348652,348719,
quote.quote,348825,348838,
quote.quote,348849,348862,
quote.quote,349039,349078,
quote.quote,349079,349186,
quote.quote,349187,349205,
quote.quote,349327,349440,
quote.quote,349441,349456,
quote.quote,349477,349490,
quote.quote,349491,349679,
quote.quote,349680,349712,
quote.quote,349741,349907,
quote.quote,349908,349921,
quote.quote,349922,350080,
quote.quote,350116,350172,
quote.quote,350219,350245,
quote.quote,350283,350430,
quote.quote,350431,350441,
quote.quote,350717,350772,
quote.quote,350783,350888,
quote.quote,350917,350923,
quote.quote,350937,350943,
quote.quote,352098,352775,
quote.quote,352981,353293,
quote.quote,353294,353310,
quote.quote,353329,353525,
quote.quote,353526,353547,
quote.quote,353562,353678,
quote.quote,353700,353729,
quote.quote,353916,354085,
quote.quote,354139,354640,
quote.quote,354673,354717,
quote.quote,354841,354956,
quote.quote,354957,354991,
quote.quote,355006,355067,
quote.quote,355068,355090,
quote.quote,355101,355125,
quote.quote,355341,355387,
quote.quote,355855,355889,
quote.quote,355899,356075,
quote.quote,356076,356120,
quote.quote,356195,356467,
quote.quote,356536,356570,
quote.quote,356592,356597,
quote.quote,356614,356659,
quote.quote,356759,357227,
quote.quote,357228,357240,
quote.quote,357241,357497,
quote.quote,357528,357875,
quote.quote,358079,358085,
quote.quote,358110,358444,
quote.quote,358468,358484,
quote.quote,358485,358525,
quote.quote,358526,358570,
quote.quote,358921,358960,
quote.quote,358991,358996,
quote.quote,359007,359126,
quote.quote,359127,359259,
quote.quote,359260,359266,
quote.quote,359321,359756,
quote.quote,359757,359770,
quote.quote,359785,359864,
quote.quote,359865,359903,
quote.quote,359904,359920,
quote.quote,359958,360159,
quote.quote,360176,360222,
quote.quote,360223,360238,
quote.quote,360303,360760,
quote.quote,360761,360861,
quote.quote,360980,361008,
quote.quote,361028,361393,
quote.quote,361455,361481,
quote.quote,361493,361549,
quote.quote,362130,362233,
quote.quote,362234,362312,
quote.quote,362341,362353,
quote.quote,362407,362743,
quote.quote,362744,362760,
quote.quote,362775,362792,
quote.quote,362809,362819,
quote.quote,362916,362952,
quote.quote,362953,363032,
quote.quote,363033,363081,
quote.quote,363212,363245,
quote.quote,363747,364615,
quote.quote,365044,365687,
quote.quote,366213,366272,
quote.quote,366294,366300,
quote.quote,366331,366358,
quote.quote,366443,366459,
quote.quote,366460,366474,
quote.quote,367263,367280,
quote.quote,367292,367306,
quote.quote,367726,367757,
quote.quote,367758,367765,
quote.quote,367914,367946,
quote.quote,367957,368004,
quote.quote,368014,368164,
quote.quote,368206,368215,
quote.quote,368231,368354,
quote.quote,368407,368435,
quote.quote,368447,368471,
quote.quote,368472,368486,
quote.quote,368500,368647,
quote.quote,369379,369392,
quote.quote,369446,369484,
quote.quote,369485,369491,
quote.quote,369492,369506,
quote.quote,369516,369537,
quote.quote,369901,369938,
quote.quote,371138,371148,
quote.quote,371407,371487,
quote.quote,371488,371528,
quote.quote,371543,371579,
quote.quote,371596,371662,
quote.quote,371822,371854,
quote.quote,371876,371939,
quote.quote,372354,372388,
quote.quote,372403,372511,
quote.quote,372512,372529,
quote.quote,372829,372860,
quote.quote,372861,372898,
quote.quote,373168,373198,
quote.quote,373208,373321,
quote.quote,373322,373334,
quote.quote,373366,373381,
quote.quote,373382,373395,
quote.quote,373498,373643,
quote.quote,375032,375045,
quote.quote,375175,375206,
quote.quote,375403,375466,
quote.quote,375467,375473,
quote.quote,375474,375991,
quote.quote,376071,376106,
quote.quote,376125,376386,
quote.quote,376387,376393,
quote.quote,376394,376560,
quote.quote,376598,376713,
quote.quote,376714,376763,
quote.quote,376782,377026,
quote.quote,377532,377554,
quote.quote,378115,378128,
quote.quote,378170,378187,
quote.quote,378197,378320,
quote.quote,378489,378507,
quote.quote,378616,378675,
quote.quote,378763,378788,
quote.quote,378789,378813,
quote.quote,379411,379533,
quote.quote,379677,379699,
quote.quote,379912,380009,
quote.quote,380134,380255,
quote.quote,380256,380273,
quote.quote,380284,380537,
quote.quote,380538,380568,
quote.quote,380595,380693,
quote.quote,380844,381609,
quote.quote,382224,382281,
quote.quote,382300,382559,
quote.quote,382560,382595,
quote.quote,382614,382648,
quote.quote,382694,382913,
quote.quote,382989,383153,
quote.quote,383251,383281,
quote.quote,383292,383326,
quote.quote,383371,383411,
quote.quote,383685,383700,
quote.quote,385267,385295,
quote.quote,385310,385351,
quote.quote,385352,385383,
quote.quote,385615,386047,
quote.quote,386445,386466,
quote.quote,386810,386827,
quote.quote,386949,386967,
quote.quote,386977,386988,
quote.quote,386989,387020,
quote.quote,387618,387637,
quote.quote,387895,387929,
quote.quote,388185,388200,
quote.quote,388324,388352,
quote.quote,388828,388873,
quote.quote,391154,391194,
quote.quote,391195,391265,
quote.quote,391266,391281,
quote.quote,391295,391314,
quote.quote,391370,391391,
quote.quote,391402,391724,
quote.quote,392692,392731,
quote.quote,392755,392838,
quote.quote,392878,392960,
quote.quote,393051,393079,
quote.quote,393090,393109,
quote.quote,393110,393131,
quote.quote,393132,393219,
quote.quote,393542,393566,
quote.quote,393585,393614,
quote.quote,393638,393695,
quote.quote,393720,393816,
quote.quote,393878,393914,
quote.quote,393932,394122,
quote.quote,394265,394439,
quote.quote,394440,394446,
quote.quote,394460,394535,
quote.quote,394536,394626,
quote.quote,394995,395004,
quote.quote,395020,395183,
quote.quote,395398,395422,
quote.quote,395433,395571,
quote.quote,395654,395669,
quote.quote,395709,395824,
quote.quote,396019,396062,
quote.quote,396076,396099,
quote.quote,396130,396181,
quote.quote,396182,396188,
quote.quote,396202,396240,
quote.quote,396335,396383,
quote.quote,396398,396778,
quote.quote,396779,396806,
quote.quote,396883,396922,
quote.quote,396947,397094,
quote.quote,397095,397127,
quote.quote,397128,397189,
quote.quote,397421,397434,
quote.quote,397450,397456,
quote.quote,397500,397591,
quote.quote,397697,397731,
quote.quote,397732,397745,
quote.quote,397757,397816,
quote.quote,397847,397854,
quote.quote,397867,397955,
quote.quote,398146,398188,
quote.quote,398202,398234,
quote.quote,398300,398378,
quote.quote,398440,398467,
quote.quote,398663,398675,
quote.quote,398876,398894,
quote.quote,398908,399003,
quote.quote,399050,399184,
quote.quote,399968,400000,
quote.quote,400022,400186,
quote.quote,400187,400207,
quote.quote,400296,400334,
quote.quote,400442,400474,
quote.quote,400509,400579,
quote.quote,400688,400706,
quote.quote,400725,400748,
quote.quote,401858,401864,
quote.quote,401876,402153,
quote.quote,402154,402159,
quote.quote,402173,402212,
quote.quote,402243,402345,
quote.quote,403532,403559,
quote.quote,403851,403880,
quote.quote,403890,403906,
quote.quote,404838,404865,
quote.quote,404922,404950,
quote.quote,404951,405066,
quote.quote,405091,405142,
quote.quote,405649,405670,
quote.quote,405680,405705,
quote.quote,405758,405781,
quote.quote,405849,405894,
quote.quote,405904,405938,
quote.quote,406166,406276,
quote.quote,406520,406550,
quote.quote,406724,406824,
quote.quote,407319,407334,
quote.quote,407413,407585,
quote.quote,407780,407801,
quote.quote,407811,407885,
quote.quote,408539,408565,
quote.quote,408863,409089,
quote.quote,409339,409346,
quote.quote,409360,409400,
quote.quote,411579,411597,
quote.quote,411611,411638,
quote.quote,411874,411914,
quote.quote,412776,412822,
quote.quote,412842,412948,
quote.quote,413125,413142,
quote.quote,413518,413548,
quote.quote,413817,413875,
quote.quote,413996,414064,
quote.quote,415239,415286,
quote.quote,415309,415354,
quote.quote,415439,415475,
quote.quote,415996,416012,
quote.quote,416192,416233,
quote.quote,418662,418691,
quote.quote,418757,418768,
quote.quote,419244,419260,
quote.quote,420505,420520,
quote.quote,420563,420592,
quote.quote,421060,421085,
quote.quote,421184,421261,
quote.quote,421888,421921,
quote.quote,422550,422563,
quote.quote,422587,422597,
quote.quote,422614,422640,
quote.quote,422862,422876,
quote.quote,422887,422909,
quote.quote,423010,423020,
quote.quote,423030,423043,
quote.quote,423136,423230,
quote.quote,423296,423363,
quote.quote,424810,424844,
quote.quote,424888,424902,
quote.quote,425089,425131,
quote.quote,425189,425242,
quote.quote,425723,425753,
quote.quote,425826,425869,
quote.quote,426530,426547,
quote.quote,426557,426588,
quote.quote,426622,426641,
quote.quote,426661,426744,
quote.quote,426871,426893,
quote.quote,426904,426915,
quote.quote,427765,427772,
quote.quote,427802,427845,
quote.quote,428198,428216,
quote.quote,428231,428337,
quote.quote,428977,429008,
quote.quote,429018,429125,
quote.quote,429126,429150,
quote.quote,429164,429175,
quote.quote,429198,429262,
quote.quote,429463,429499,
quote.quote,429509,429728,
quote.quote,430328,430616,
quote.quote,430709,430869,
quote.quote,430908,430968,
quote.quote,431005,431074,
quote.quote,431448,431465,
quote.quote,431475,431497,
quote.quote,431619,431657,
quote.quote,431704,431730,
quote.quote,434036,434063,
quote.quote,434086,434151,
quote.quote,434242,434276,
quote.quote,434286,434310,
quote.quote,434539,434560,
quote.quote,434670,434697,
quote.quote,434707,434761,
quote.quote,435058,435089,
quote.quote,435112,435132,
quote.quote,435416,435433,
quote.quote,435528,435554,
quote.quote,435577,435617,
quote.quote,435661,435678,
quote.quote,435860,435891,
quote.quote,435927,436048,
quote.quote,436090,436116,
quote.quote,436140,436182,
quote.quote,436183,436273,
quote.quote,436665,436691,
quote.quote,437623,437638,
quote.quote,437658,437753,
quote.quote,438078,438118,
quote.quote,438175,438207,
quote.quote,438208,438218,
quote.quote,438219,438225,
quote.quote,438773,438783,
quote.quote,438857,438883,
quote.quote,438884,438900,
quote.quote,438901,438940,
quote.quote,441454,441489,
quote.quote,442340,442346,
quote.quote,442369,442376,
quote.quote,442392,442410,
quote.quote,443656,443680,
quote.quote,444108,444164,
quote.quote,444187,444209,
quote.quote,444210,444236,
quote.quote,444259,444273,
quote.quote,444521,444531,
quote.quote,444545,444582,
quote.quote,445172,445221,
quote.quote,446118,446139,
quote.quote,446471,446494,
quote.quote,446828,446860,
quote.quote,447034,447053,
quote.quote,447076,447116,
quote.quote,447801,447819,
quote.quote,447833,447889,
quote.quote,447890,447909,
quote.quote,447935,448002,
quote.quote,448003,448017,
quote.quote,448077,448203,
quote.quote,448204,448216,
quote.quote,448217,448231,
quote.quote,448265,448273,
quote.quote,448291,448297,
quote.quote,448454,448519,
quote.quote,448529,448601,
quote.quote,450116,450146,
quote.quote,450158,450280,
quote.quote,450308,450329,
quote.quote,450344,450448,
quote.quote,450473,450988,
quote.quote,451055,451085,
quote.quote,451095,451186,
quote.quote,451187,451193,
quote.quote,451220,451282,
quote.quote,451801,451851,
quote.quote,451852,451858,
quote.quote,451875,452032,
quote.quote,452033,452042,
quote.quote,452090,452314,
quote.quote,452315,452347,
quote.quote,452394,452465,
quote.quote,452466,452505,
quote.quote,452519,452638,
quote.quote,452639,452708,
quote.quote,452709,452740,
quote.quote,452758,452838,
quote.quote,452891,452900,
quote.quote,452939,452945,
quote.quote,453064,453274,
quote.quote,453442,453909,
quote.quote,454394,454433,
quote.quote,454434,454440,
quote.quote,454464,454470,
quote.quote,454471,454708,
quote.quote,455025,455091,
quote.quote,455366,455442,
quote.quote,455872,455897,
quote.quote,455916,456122,
quote.quote,456310,456322,
quote.quote,456332,456503,
quote.quote,456697,456706,
quote.quote,456724,456736,
quote.quote,457054,457065,
quote.quote,457371,457460,
quote.quote,457479,457485,
quote.quote,457522,457550,
quote.quote,457583,457588,
quote.quote,457600,457613,
quote.quote,457628,457781,
quote.quote,457891,457930,
quote.quote,458026,458084,
quote.quote,458106,458116,
quote.quote,458137,458187,
quote.quote,458216,458227,
quote.quote,458266,458367,
quote.quote,458368,458374,
quote.quote,458388,458545,
quote.quote,458573,458579,
quote.quote,458580,458619,
quote.quote,458647,458652,
quote.quote,458735,459087,
quote.quote,459088,459094,
quote.quote,459499,460185,
quote.quote,460186,460192,
quote.quote,460206,460253,
quote.quote,460254,460275,
quote.quote,460348,460597,
quote.quote,460643,461269,
quote.quote,461647,461692,
quote.quote,461763,461824,
quote.quote,461848,463759,
quote.quote,463796,463817,
quote.quote,464127,464177,
quote.quote,464201,464256,
quote.quote,464308,464351,
quote.quote,464731,464740,
quote.quote,464918,464934,
quote.quote,464966,465011,
quote.quote,465120,465169,
quote.quote,465273,465370,
quote.quote,465371,465387,
quote.quote,465507,465615,
quote.suspension.short,6371,6386,
quote.suspension.short,23347,23359,
quote.suspension.short,40195,40212,
quote.suspension.short,48921,48929,
quote.suspension.short,53290,53298,
quote.suspension.short,67743,67751,
quote.suspension.short,69822,69830,
quote.suspension.short,93528,93539,
quote.suspension.short,94597,94614,
quote.suspension.short,96313,96322,
quote.suspension.short,105009,105017,
quote.suspension.short,107633,107648,
quote.suspension.short,140340,140361,
quote.suspension.short,142588,142592,
quote.suspension.short,142624,142643,
quote.suspension.short,142962,142965,
quote.suspension.short,143053,143068,
quote.suspension.short,143545,143549,
quote.suspension.short,145813,145820,
quote.suspension.short,146198,146205,
quote.suspension.short,147981,147992,
quote.suspension.short,148666,148686,
quote.suspension.short,148777,148781,
quote.suspension.short,148838,148856,
quote.suspension.short,148859,148863,
quote.suspension.short,149022,149038,
quote.suspension.short,149580,149601,
quote.suspension.short,150681,150690,
quote.suspension.short,151630,151636,
quote.suspension.short,153586,153593,
quote.suspension.short,153665,153681,
quote.suspension.short,155122,155128,
quote.suspension.short,155925,155935,
quote.suspension.short,157524,157553,
quote.suspension.short,161687,161695,
quote.suspension.short,176165,176173,
quote.suspension.short,178387,178395,
quote.suspension.short,179054,179067,
quote.suspension.short,183925,183938,
quote.suspension.short,195689,195698,
quote.suspension.short,196490,196506,
quote.suspension.short,201332,201354,
quote.suspension.short,203499,203511,
quote.suspension.short,227482,227491,
quote.suspension.short,228890,228902,
quote.suspension.short,229935,229944,
quote.suspension.short,230236,230258,
quote.suspension.short,230887,230895,
quote.suspension.short,236905,236922,
quote.suspension.short,241330,241342,
quote.suspension.short,241485,241520,
quote.suspension.short,257664,257673,
quote.suspension.short,259240,259264,
quote.suspension.short,259789,259801,
quote.suspension.short,261297,261317,
quote.suspension.short,288940,288956,
quote.suspension.short,290765,290777,
quote.suspension.short,293091,293103,
quote.suspension.short,295457,295469,
quote.suspension.short,297398,297415,
quote.suspension.short,307300,307324,
quote.suspension.short,312286,312306,
quote.suspension.short,317288,317297,
quote.suspension.short,328784,328800,
quote.suspension.short,331996,332005,
quote.suspension.short,337972,337981,
quote.suspension.short,339456,339464,
quote.suspension.short,339547,339560,
quote.suspension.short,340013,340026,
quote.suspension.short,340329,340343,
quote.suspension.short,346111,346129,
quote.suspension.short,358086,358109,
quote.suspension.short,371855,371875,
quote.suspension.short,376107,376124,
quote.suspension.short,378188,378196,
quote.suspension.short,382282,382299,
quote.suspension.short,393615,393637,
quote.suspension.short,393915,393931,
quote.suspension.short,435090,435111,
quote.suspension.short,456707,456723,
quote.suspension.short,458546,458572,
quote.suspension.long,33362,33535,
quote.suspension.long,55876,55910,
quote.suspension.long,68153,68175,
quote.suspension.long,68863,68891,
quote.suspension.long,70693,70742,
quote.suspension.long,75417,75459,
quote.suspension.long,75518,75555,
quote.suspension.long,76143,76195,
quote.suspension.long,76363,76389,
quote.suspension.long,78673,78729,
quote.suspension.long,86255,86305,
quote.suspension.long,98055,98098,
quote.suspension.long,103000,103051,
quote.suspension.long,123121,123163,
quote.suspension.long,128650,128688,
quote.suspension.long,128990,129043,
quote.suspension.long,135843,135901,
quote.suspension.long,136783,136835,
quote.suspension.long,142482,142554,
quote.suspension.long,142557,142585,
quote.suspension.long,142595,142621,
quote.suspension.long,142828,142852,
quote.suspension.long,142855,142883,
quote.suspension.long,142928,142959,
quote.suspension.long,143095,143115,
quote.suspension.long,143118,143189,
quote.suspension.long,143328,143358,
quote.suspension.long,143682,143701,
quote.suspension.long,145213,145250,
quote.suspension.long,145343,145378,
quote.suspension.long,145535,145588,
quote.suspension.long,146225,146253,
quote.suspension.long,146854,146881,
quote.suspension.long,147215,147240,
quote.suspension.long,147651,147697,
quote.suspension.long,151029,151058,
quote.suspension.long,151567,151597,
quote.suspension.long,151937,151964,
quote.suspension.long,152193,152270,
quote.suspension.long,152344,152392,
quote.suspension.long,152519,152564,
quote.suspension.long,155557,155588,
quote.suspension.long,157595,157630,
quote.suspension.long,157730,157764,
quote.suspension.long,158041,158075,
quote.suspension.long,162105,162145,
quote.suspension.long,181312,181344,
quote.suspension.long,182540,182634,
quote.suspension.long,196552,196625,
quote.suspension.long,199895,199932,
quote.suspension.long,201749,201792,
quote.suspension.long,205491,205530,
quote.suspension.long,217927,218021,
quote.suspension.long,230383,230440,
quote.suspension.long,231870,231907,
quote.suspension.long,236685,236719,
quote.suspension.long,252521,252579,
quote.suspension.long,256653,256703,
quote.suspension.long,275589,275623,
quote.suspension.long,280472,280500,
quote.suspension.long,287378,287408,
quote.suspension.long,305900,305980,
quote.suspension.long,309879,309915,
quote.suspension.long,317782,317869,
quote.suspension.long,326693,326814,
quote.suspension.long,334608,334660,
quote.suspension.long,335062,335087,
quote.suspension.long,335196,335264,
quote.suspension.long,335468,335494,
quote.suspension.long,343967,344049,
quote.suspension.long,356121,356194,
quote.suspension.long,357498,357527,
quote.suspension.long,380569,380594,
quote.suspension.long,382914,382988,
quote.suspension.long,383327,383370,
quote.suspension.long,399004,399049,
quote.suspension.long,423231,423295,
quote.suspension.long,424845,424887,
quote.suspension.long,438119,438174,
quote.suspension.long,457486,457521,
quote.suspension.long,464935,464965,
quote.embedded,40533,40546,
quote.embedded,74404,74417,
quote.embedded,86631,86648,
quote.embedded,91064,91077,
quote.embedded,181522,181571,
quote.embedded,227182,227201,
quote.embedded,243258,243270,
quote.embedded,244332,244341,
quote.embedded,293175,293200,
quote.embedded,293235,293256,
quote.embedded,294094,294123,
quote.embedded,294780,294830,
quote.embedded,294840,294896,
quote.embedded,295000,295043,
quote.embedded,353197,353202,
quote.embedded,354451,354485,
quote.embedded,359529,359551,
quote.embedded,359786,359809,
quote.embedded,362705,362742,
quote.embedded,362781,362791,
quote.embedded,363034,363080,
quote.embedded,365649,365686,
quote.embedded,375762,375990,
quote.embedded,376908,376921,
quote.embedded,394573,394585,
quote.embedded,453065,453111,
quote.embedded,462530,462568,
quote.embedded,462583,462599,
quote.embedded,462615,462630,
quote.embedded,462648,462668,